instrument_id,account_id,instrument_type,card_fingerprint,card_bin,card_last4,card_network,issuer_bank,country,is_prepaid,added_at
INST_000001,ACC_000001,credit_card,fp_card_59aa0c1c9c71a724,525500,2679,MASTERCARD,TD Bank,US,False,2026-06-29T12:04:00+00:00
INST_000002,ACC_000001,credit_card,fp_card_64e8e14baa50def4,340000,5333,AMEX,Truist,US,False,2026-06-29T12:02:00+00:00
INST_000003,ACC_000001,credit_card,fp_card_fbbcc165bd6b8f0a,491622,3803,VISA,Citibank,US,False,2026-06-29T12:05:00+00:00
INST_000004,ACC_000001,credit_card,fp_card_0e737e83cf152664,375987,7543,AMEX,Wells Fargo,US,False,2026-06-29T12:09:00+00:00
INST_000005,ACC_000002,credit_card,fp_card_b84fc057bad1c3e4,535310,2743,MASTERCARD,Capital One,US,False,2026-06-29T12:10:00+00:00
INST_000006,ACC_000002,credit_card,fp_card_6c0ebbefcc85b32f,644000,3705,DISCOVER,Chime Neobank,US,False,2026-06-29T12:08:00+00:00
INST_000007,ACC_000002,credit_card,fp_card_6548b0dc22efa7cb,378282,9423,AMEX,Truist,US,False,2026-06-29T12:06:00+00:00
INST_000008,ACC_000002,credit_card,fp_card_f3a06f602fe28489,535310,8350,MASTERCARD,Wells Fargo,US,False,2026-06-29T12:09:00+00:00
INST_000009,ACC_000003,credit_card,fp_card_91267aae0bb8fdf3,644000,8973,DISCOVER,Capital One,US,False,2026-06-29T12:15:00+00:00
INST_000010,ACC_000003,credit_card,fp_card_7162f9650ab6e6e4,491622,2343,VISA,Chime Neobank,US,False,2026-06-29T12:20:00+00:00
INST_000011,ACC_000003,credit_card,fp_card_098efa4ee997e45b,542418,5669,MASTERCARD,TD Bank,US,False,2026-06-29T12:12:00+00:00
INST_000012,ACC_000003,credit_card,fp_card_95d2f9b64b30af46,411111,7939,VISA,JPMorgan Chase,US,False,2026-06-29T12:15:00+00:00
INST_000013,ACC_000004,credit_card,fp_card_79e22e840a04af74,375987,3532,AMEX,Citibank,US,False,2026-06-29T12:17:00+00:00
INST_000014,ACC_000004,credit_card,fp_card_fafeba98c8e15fa3,550000,6378,MASTERCARD,Bank of America,US,False,2026-06-29T12:16:00+00:00
INST_000015,ACC_000004,credit_card,fp_card_779e7c53f9b5e324,378282,8144,AMEX,TD Bank,US,False,2026-06-29T12:19:00+00:00
INST_000016,ACC_000004,credit_card,fp_card_561955614f00a7ac,375987,9977,AMEX,Capital One,US,False,2026-06-29T12:18:00+00:00
INST_000017,ACC_000005,credit_card,fp_card_c2b18ff8d54b56f6,453201,7790,VISA,Chime Neobank,US,False,2026-06-29T12:30:00+00:00
INST_000018,ACC_000005,credit_card,fp_card_324db2525637fe0b,644000,8305,DISCOVER,Truist,US,False,2026-06-29T12:29:00+00:00
INST_000019,ACC_000005,credit_card,fp_card_a532fb457462e4ae,650000,2020,DISCOVER,PNC Bank,US,False,2026-06-29T12:29:00+00:00
INST_000020,ACC_000005,credit_card,fp_card_b222c22599a9a907,601100,9751,DISCOVER,PNC Bank,US,False,2026-06-29T12:23:00+00:00
INST_000021,ACC_000006,credit_card,fp_card_a28475bb80642b41,525500,1333,MASTERCARD,Citibank,US,False,2026-06-29T12:26:00+00:00
INST_000022,ACC_000006,credit_card,fp_card_9d5c44e3d3868a48,510510,5941,MASTERCARD,Chime Neobank,US,False,2026-06-29T12:27:00+00:00
INST_000023,ACC_000006,credit_card,fp_card_e6cd75f21c00ab5c,644000,5397,DISCOVER,Citibank,US,False,2026-06-29T12:33:00+00:00
INST_000024,ACC_000006,credit_card,fp_card_d7cbd3d116fcc58d,644000,4937,DISCOVER,Truist,US,False,2026-06-29T12:32:00+00:00
INST_000025,ACC_000007,credit_card,fp_card_904bd35dd6c0c30b,550000,5530,MASTERCARD,TD Bank,US,False,2026-06-29T12:34:00+00:00
INST_000026,ACC_000007,credit_card,fp_card_6a8cbb03a9540d23,411111,7565,VISA,Chime Neobank,US,False,2026-06-29T12:38:00+00:00
INST_000027,ACC_000007,credit_card,fp_card_8cca056763069f31,542418,2330,MASTERCARD,Wells Fargo,US,False,2026-06-29T12:34:00+00:00
INST_000028,ACC_000007,credit_card,fp_card_b3e54fc59f633895,402400,6039,VISA,Chime Neobank,US,False,2026-06-29T12:32:00+00:00
INST_000029,ACC_000008,credit_card,fp_card_58c10f620bd0a82a,650000,3973,DISCOVER,PNC Bank,US,False,2026-06-29T12:43:00+00:00
INST_000030,ACC_000008,credit_card,fp_card_5c896b830a694944,650000,1888,DISCOVER,U.S. Bank,US,False,2026-06-29T12:44:00+00:00
INST_000031,ACC_000008,credit_card,fp_card_dbee23bc23a9c4ba,644000,5781,DISCOVER,Capital One,US,False,2026-06-29T12:38:00+00:00
INST_000032,ACC_000008,credit_card,fp_card_8553417e587c6160,644000,8935,DISCOVER,TD Bank,US,False,2026-06-29T12:38:00+00:00
INST_000033,ACC_000009,credit_card,fp_card_ae9929fff4660afa,491622,8486,VISA,Wells Fargo,US,False,2026-06-29T12:48:00+00:00
INST_000034,ACC_000009,credit_card,fp_card_89e4a478b6471992,453201,2612,VISA,Bank of America,US,False,2026-06-29T12:44:00+00:00
INST_000035,ACC_000009,credit_card,fp_card_3359ca9073f27c88,650000,1153,DISCOVER,Truist,US,False,2026-06-29T12:45:00+00:00
INST_000036,ACC_000009,credit_card,fp_card_19e5fd876b8e38e8,378282,1803,AMEX,Truist,US,False,2026-06-29T12:47:00+00:00
INST_000037,ACC_000010,credit_card,fp_card_1a19b1ac1848c051,535310,6994,MASTERCARD,Capital One,US,False,2026-06-29T12:49:00+00:00
INST_000038,ACC_000010,credit_card,fp_card_1f79d5cf8a9b5c46,644000,7086,DISCOVER,Citibank,US,False,2026-06-29T12:50:00+00:00
INST_000039,ACC_000010,credit_card,fp_card_ed58e9fca7987ccd,644000,3531,DISCOVER,Bank of America,US,False,2026-06-29T12:54:00+00:00
INST_000040,ACC_000010,credit_card,fp_card_4203a1a1fb62d196,426684,4990,VISA,Chime Neobank,US,False,2026-06-29T12:46:00+00:00
INST_000041,ACC_000011,credit_card,fp_card_18dd196e38818325,402400,7897,VISA,Bank of America,US,False,2026-06-29T12:55:00+00:00
INST_000042,ACC_000011,credit_card,fp_card_7562d9ddfe5ecb68,371449,2076,AMEX,Chime Neobank,US,False,2026-06-29T12:52:00+00:00
INST_000043,ACC_000011,credit_card,fp_card_2c5a02490b2f23d6,375987,6120,AMEX,U.S. Bank,US,False,2026-06-29T12:52:00+00:00
INST_000044,ACC_000011,credit_card,fp_card_e961e58c40bfcf29,378282,9313,AMEX,Truist,US,False,2026-06-29T12:55:00+00:00
INST_000045,ACC_000012,credit_card,fp_card_4ecedb5201c98923,601100,3324,DISCOVER,JPMorgan Chase,US,False,2026-06-29T13:05:00+00:00
INST_000046,ACC_000012,credit_card,fp_card_c0e05a17f6511510,426684,8043,VISA,Chime Neobank,US,False,2026-06-29T13:04:00+00:00
INST_000047,ACC_000012,credit_card,fp_card_83f6c8e8a2555403,644000,1693,DISCOVER,Truist,US,False,2026-06-29T12:57:00+00:00
INST_000048,ACC_000012,credit_card,fp_card_8f6f739674f10587,542418,3754,MASTERCARD,Bank of America,US,False,2026-06-29T13:01:00+00:00
INST_000049,ACC_000013,credit_card,fp_card_e4333aa4f052bf20,371449,8205,AMEX,Truist,US,False,2026-07-24T12:02:00+00:00
INST_000050,ACC_000013,credit_card,fp_card_a6830fbac41446eb,491622,9307,VISA,Chime Neobank,US,False,2026-07-24T12:02:00+00:00
INST_000051,ACC_000013,credit_card,fp_card_f15d6b435714fe57,426684,2381,VISA,Wells Fargo,US,False,2026-07-24T12:02:00+00:00
INST_000052,ACC_000013,credit_card,fp_card_9ef82bd77dd4047c,471600,6482,VISA,Bank of America,US,False,2026-07-24T12:02:00+00:00
INST_000053,ACC_000014,credit_card,fp_card_c79ca3086e428544,601100,2388,DISCOVER,PNC Bank,US,False,2026-07-24T12:10:00+00:00
INST_000054,ACC_000014,credit_card,fp_card_30a702c7b83e7408,426684,6060,VISA,Citibank,US,False,2026-07-24T12:10:00+00:00
INST_000055,ACC_000014,credit_card,fp_card_77e9cfc561e6f4df,471600,6517,VISA,Chime Neobank,US,False,2026-07-24T12:10:00+00:00
INST_000056,ACC_000014,credit_card,fp_card_d1d07222b16bcd5e,550000,5668,MASTERCARD,Truist,US,False,2026-07-24T12:10:00+00:00
INST_000057,ACC_000015,credit_card,fp_card_785c29d757b03d21,601100,4271,DISCOVER,Wells Fargo,US,False,2026-07-24T12:18:00+00:00
INST_000058,ACC_000015,credit_card,fp_card_cb73223296344397,644000,3414,DISCOVER,Bank of America,US,False,2026-07-24T12:18:00+00:00
INST_000059,ACC_000015,credit_card,fp_card_dc1ab1c856395210,426684,2623,VISA,U.S. Bank,US,False,2026-07-24T12:18:00+00:00
INST_000060,ACC_000015,credit_card,fp_card_a7026861d46332f8,371449,3449,AMEX,Chime Neobank,US,False,2026-07-24T12:18:00+00:00
INST_000061,ACC_000016,credit_card,fp_card_3b55d247ac619788,471600,9443,VISA,Wells Fargo,US,False,2026-07-24T12:26:00+00:00
INST_000062,ACC_000016,credit_card,fp_card_ae5cb0c35b48bbf3,453201,8702,VISA,PNC Bank,US,False,2026-07-24T12:26:00+00:00
INST_000063,ACC_000016,credit_card,fp_card_13c859ca1d7dda89,426684,9945,VISA,Wells Fargo,US,False,2026-07-24T12:26:00+00:00
INST_000064,ACC_000016,credit_card,fp_card_80a61a0a4bc0a35f,510510,6170,MASTERCARD,TD Bank,US,False,2026-07-24T12:26:00+00:00
INST_000065,ACC_000017,credit_card,fp_card_6c7d6585fe4d4ede,650000,8204,DISCOVER,PNC Bank,US,False,2026-07-24T12:34:00+00:00
INST_000066,ACC_000017,credit_card,fp_card_61093da27f4f0e7a,535310,5813,MASTERCARD,Bank of America,US,False,2026-07-24T12:34:00+00:00
INST_000067,ACC_000017,credit_card,fp_card_a2ba87893155e992,650000,1939,DISCOVER,PNC Bank,US,False,2026-07-24T12:34:00+00:00
INST_000068,ACC_000017,credit_card,fp_card_41073e2b63d25aa1,340000,7272,AMEX,JPMorgan Chase,US,False,2026-07-24T12:34:00+00:00
INST_000069,ACC_000018,credit_card,fp_card_228d5d69083b28c8,550000,9482,MASTERCARD,TD Bank,US,False,2026-07-24T12:42:00+00:00
INST_000070,ACC_000018,credit_card,fp_card_daab524a0156b7b7,550000,2438,MASTERCARD,U.S. Bank,US,False,2026-07-24T12:42:00+00:00
INST_000071,ACC_000018,credit_card,fp_card_c252b60722ba9e05,510510,4292,MASTERCARD,Citibank,US,False,2026-07-24T12:42:00+00:00
INST_000072,ACC_000018,credit_card,fp_card_9db53aded2a92e7a,644000,7730,DISCOVER,Chime Neobank,US,False,2026-07-24T12:42:00+00:00
INST_000073,ACC_000019,credit_card,fp_card_460e8060428d0bd3,644000,1907,DISCOVER,TD Bank,US,False,2026-07-24T12:50:00+00:00
INST_000074,ACC_000019,credit_card,fp_card_9dbe57bdece16ec9,371449,5961,AMEX,Bank of America,US,False,2026-07-24T12:50:00+00:00
INST_000075,ACC_000019,credit_card,fp_card_05c62e464794a615,411111,1744,VISA,Chime Neobank,US,False,2026-07-24T12:50:00+00:00
INST_000076,ACC_000019,credit_card,fp_card_8ea19132efb2bb81,650000,8430,DISCOVER,JPMorgan Chase,US,False,2026-07-24T12:50:00+00:00
INST_000077,ACC_000020,credit_card,fp_card_a7c8526df97b23af,426684,4960,VISA,Capital One,US,False,2026-07-24T12:58:00+00:00
INST_000078,ACC_000020,credit_card,fp_card_8040ba54c8f51950,371449,3610,AMEX,TD Bank,US,False,2026-07-24T12:58:00+00:00
INST_000079,ACC_000020,credit_card,fp_card_6daa5799b5a31367,650000,9793,DISCOVER,Bank of America,US,False,2026-07-24T12:58:00+00:00
INST_000080,ACC_000020,credit_card,fp_card_367eb01c65387127,644000,5582,DISCOVER,Chime Neobank,US,False,2026-07-24T12:58:00+00:00
INST_000081,ACC_000021,credit_card,fp_card_a6e225e6080ce87d,411111,3245,VISA,Truist,US,False,2026-07-24T13:06:00+00:00
INST_000082,ACC_000021,credit_card,fp_card_e4bf252267eee1da,644000,5911,DISCOVER,JPMorgan Chase,US,False,2026-07-24T13:06:00+00:00
INST_000083,ACC_000021,credit_card,fp_card_8ae8f4123f38c7d9,510510,8871,MASTERCARD,Chime Neobank,US,False,2026-07-24T13:06:00+00:00
INST_000084,ACC_000021,credit_card,fp_card_c2e30319b3b5e21e,550000,9221,MASTERCARD,Truist,US,False,2026-07-24T13:06:00+00:00
INST_000085,ACC_000022,credit_card,fp_card_bbca4bdac11e58ae,340000,5331,AMEX,Citibank,US,False,2026-07-24T13:14:00+00:00
INST_000086,ACC_000022,credit_card,fp_card_634d14e5cdab7f83,340000,2996,AMEX,TD Bank,US,False,2026-07-24T13:14:00+00:00
INST_000087,ACC_000022,credit_card,fp_card_3b531df29ce91496,375987,4505,AMEX,TD Bank,US,False,2026-07-24T13:14:00+00:00
INST_000088,ACC_000022,credit_card,fp_card_b013ae1fae951ebe,453201,6411,VISA,Bank of America,US,False,2026-07-24T13:14:00+00:00
INST_000089,ACC_000023,credit_card,fp_stolen_pool_d9be522082ef,411111,6523,VISA,Capital One,US,False,2026-07-10T12:15:00+00:00
INST_000090,ACC_000023,credit_card,fp_stolen_pool_0619695ffec4,453201,9116,VISA,Wells Fargo,US,False,2026-07-10T12:15:00+00:00
INST_000091,ACC_000023,credit_card,fp_stolen_pool_08f9c75dae50,542418,3616,MASTERCARD,PNC Bank,US,False,2026-07-10T12:15:00+00:00
INST_000092,ACC_000023,credit_card,fp_stolen_pool_851aec7db423,426684,5662,VISA,Truist,US,False,2026-07-10T12:15:00+00:00
INST_000093,ACC_000024,credit_card,fp_stolen_pool_3477415f1402,411111,5272,VISA,PNC Bank,US,False,2026-07-10T15:15:00+00:00
INST_000094,ACC_000024,credit_card,fp_stolen_pool_fb1ad2abed85,453201,5374,VISA,U.S. Bank,US,False,2026-07-10T15:15:00+00:00
INST_000095,ACC_000024,credit_card,fp_stolen_pool_3cc7485696b0,471600,4804,VISA,TD Bank,US,False,2026-07-10T15:15:00+00:00
INST_000096,ACC_000024,credit_card,fp_stolen_pool_dd5490ea8a10,471600,8518,VISA,Capital One,US,False,2026-07-10T15:15:00+00:00
INST_000097,ACC_000025,credit_card,fp_stolen_pool_aeb29ec2e087,525500,2845,MASTERCARD,U.S. Bank,US,False,2026-07-10T18:15:00+00:00
INST_000098,ACC_000025,credit_card,fp_stolen_pool_6b7ea5550cba,542418,5676,MASTERCARD,JPMorgan Chase,US,False,2026-07-10T18:15:00+00:00
INST_000099,ACC_000025,credit_card,fp_stolen_pool_6473cdfbbe54,525500,2017,MASTERCARD,Bank of America,US,False,2026-07-10T18:15:00+00:00
INST_000100,ACC_000025,credit_card,fp_stolen_pool_2161e09fdf56,510510,1151,MASTERCARD,Capital One,US,False,2026-07-10T18:15:00+00:00
INST_000101,ACC_000026,credit_card,fp_stolen_pool_aeb29ec2e087,525500,2845,MASTERCARD,U.S. Bank,US,False,2026-07-10T21:15:00+00:00
INST_000102,ACC_000026,credit_card,fp_stolen_pool_3477415f1402,411111,5272,VISA,PNC Bank,US,False,2026-07-10T21:15:00+00:00
INST_000103,ACC_000026,credit_card,fp_stolen_pool_d9be522082ef,411111,6523,VISA,Capital One,US,False,2026-07-10T21:15:00+00:00
INST_000104,ACC_000026,credit_card,fp_stolen_pool_2161e09fdf56,510510,1151,MASTERCARD,Capital One,US,False,2026-07-10T21:15:00+00:00
INST_000105,ACC_000027,credit_card,fp_stolen_pool_8cbce9f18ead,402400,8822,VISA,U.S. Bank,US,False,2026-07-11T00:15:00+00:00
INST_000106,ACC_000027,credit_card,fp_stolen_pool_3cc7485696b0,471600,4804,VISA,TD Bank,US,False,2026-07-11T00:15:00+00:00
INST_000107,ACC_000027,credit_card,fp_stolen_pool_c96a412200cf,402400,7846,VISA,Wells Fargo,US,False,2026-07-11T00:15:00+00:00
INST_000108,ACC_000027,credit_card,fp_stolen_pool_0619695ffec4,453201,9116,VISA,Wells Fargo,US,False,2026-07-11T00:15:00+00:00
INST_000109,ACC_000028,credit_card,fp_stolen_pool_3477415f1402,411111,5272,VISA,PNC Bank,US,False,2026-07-11T03:15:00+00:00
INST_000110,ACC_000028,credit_card,fp_stolen_pool_d9be522082ef,411111,6523,VISA,Capital One,US,False,2026-07-11T03:15:00+00:00
INST_000111,ACC_000028,credit_card,fp_stolen_pool_2161e09fdf56,510510,1151,MASTERCARD,Capital One,US,False,2026-07-11T03:15:00+00:00
INST_000112,ACC_000028,credit_card,fp_stolen_pool_0619695ffec4,453201,9116,VISA,Wells Fargo,US,False,2026-07-11T03:15:00+00:00
INST_000113,ACC_000029,credit_card,fp_stolen_pool_3477415f1402,411111,5272,VISA,PNC Bank,US,False,2026-07-11T06:15:00+00:00
INST_000114,ACC_000029,credit_card,fp_stolen_pool_6b7ea5550cba,542418,5676,MASTERCARD,JPMorgan Chase,US,False,2026-07-11T06:15:00+00:00
INST_000115,ACC_000029,credit_card,fp_stolen_pool_6473cdfbbe54,525500,2017,MASTERCARD,Bank of America,US,False,2026-07-11T06:15:00+00:00
INST_000116,ACC_000029,credit_card,fp_stolen_pool_dd5490ea8a10,471600,8518,VISA,Capital One,US,False,2026-07-11T06:15:00+00:00
INST_000117,ACC_000030,credit_card,fp_stolen_pool_a6c014cea049,402400,7643,VISA,PNC Bank,US,False,2026-07-11T09:15:00+00:00
INST_000118,ACC_000030,credit_card,fp_stolen_pool_0619695ffec4,453201,9116,VISA,Wells Fargo,US,False,2026-07-11T09:15:00+00:00
INST_000119,ACC_000030,credit_card,fp_stolen_pool_3cc7485696b0,471600,4804,VISA,TD Bank,US,False,2026-07-11T09:15:00+00:00
INST_000120,ACC_000030,credit_card,fp_stolen_pool_6473cdfbbe54,525500,2017,MASTERCARD,Bank of America,US,False,2026-07-11T09:15:00+00:00
INST_000121,ACC_000031,credit_card,fp_stolen_pool_a6c014cea049,402400,7643,VISA,PNC Bank,US,False,2026-07-11T12:15:00+00:00
INST_000122,ACC_000031,credit_card,fp_stolen_pool_6b7ea5550cba,542418,5676,MASTERCARD,JPMorgan Chase,US,False,2026-07-11T12:15:00+00:00
INST_000123,ACC_000031,credit_card,fp_stolen_pool_dd5490ea8a10,471600,8518,VISA,Capital One,US,False,2026-07-11T12:15:00+00:00
INST_000124,ACC_000031,credit_card,fp_stolen_pool_8cbce9f18ead,402400,8822,VISA,U.S. Bank,US,False,2026-07-11T12:15:00+00:00
INST_000125,ACC_000032,credit_card,fp_stolen_pool_c96a412200cf,402400,7846,VISA,Wells Fargo,US,False,2026-07-11T15:15:00+00:00
INST_000126,ACC_000032,credit_card,fp_stolen_pool_aeb29ec2e087,525500,2845,MASTERCARD,U.S. Bank,US,False,2026-07-11T15:15:00+00:00
INST_000127,ACC_000032,credit_card,fp_stolen_pool_851aec7db423,426684,5662,VISA,Truist,US,False,2026-07-11T15:15:00+00:00
INST_000128,ACC_000032,credit_card,fp_stolen_pool_a6c014cea049,402400,7643,VISA,PNC Bank,US,False,2026-07-11T15:15:00+00:00
INST_000129,ACC_000033,credit_card,fp_stolen_pool_dd5490ea8a10,471600,8518,VISA,Capital One,US,False,2026-07-11T18:15:00+00:00
INST_000130,ACC_000033,credit_card,fp_stolen_pool_8cbce9f18ead,402400,8822,VISA,U.S. Bank,US,False,2026-07-11T18:15:00+00:00
INST_000131,ACC_000033,credit_card,fp_stolen_pool_1af472cf384d,510510,7567,MASTERCARD,Bank of America,US,False,2026-07-11T18:15:00+00:00
INST_000132,ACC_000033,credit_card,fp_stolen_pool_3cc7485696b0,471600,4804,VISA,TD Bank,US,False,2026-07-11T18:15:00+00:00
INST_000133,ACC_000034,credit_card,fp_stolen_pool_8cbce9f18ead,402400,8822,VISA,U.S. Bank,US,False,2026-07-11T21:15:00+00:00
INST_000134,ACC_000034,credit_card,fp_stolen_pool_a6c014cea049,402400,7643,VISA,PNC Bank,US,False,2026-07-11T21:15:00+00:00
INST_000135,ACC_000034,credit_card,fp_stolen_pool_3477415f1402,411111,5272,VISA,PNC Bank,US,False,2026-07-11T21:15:00+00:00
INST_000136,ACC_000034,credit_card,fp_stolen_pool_3cc7485696b0,471600,4804,VISA,TD Bank,US,False,2026-07-11T21:15:00+00:00
INST_000137,ACC_000035,credit_card,fp_stolen_pool_6473cdfbbe54,525500,2017,MASTERCARD,Bank of America,US,False,2026-07-12T00:15:00+00:00
INST_000138,ACC_000035,credit_card,fp_stolen_pool_851aec7db423,426684,5662,VISA,Truist,US,False,2026-07-12T00:15:00+00:00
INST_000139,ACC_000035,credit_card,fp_stolen_pool_08f9c75dae50,542418,3616,MASTERCARD,PNC Bank,US,False,2026-07-12T00:15:00+00:00
INST_000140,ACC_000035,credit_card,fp_stolen_pool_a3cdc816c47c,535310,1187,MASTERCARD,Capital One,US,False,2026-07-12T00:15:00+00:00
INST_000141,ACC_000036,credit_card,fp_stolen_pool_c96a412200cf,402400,7846,VISA,Wells Fargo,US,False,2026-07-12T03:15:00+00:00
INST_000142,ACC_000036,credit_card,fp_stolen_pool_2161e09fdf56,510510,1151,MASTERCARD,Capital One,US,False,2026-07-12T03:15:00+00:00
INST_000143,ACC_000036,credit_card,fp_stolen_pool_a6c014cea049,402400,7643,VISA,PNC Bank,US,False,2026-07-12T03:15:00+00:00
INST_000144,ACC_000036,credit_card,fp_stolen_pool_3cc7485696b0,471600,4804,VISA,TD Bank,US,False,2026-07-12T03:15:00+00:00
INST_000145,ACC_000037,prepaid_card,fp_card_e2ff9e1e24af5f16,644000,9115,DISCOVER,Green Dot Bank,US,True,2026-08-07T12:01:00+00:00
INST_000146,ACC_000037,prepaid_card,fp_card_cd9355c7e57da5e7,550000,2677,MASTERCARD,The Bancorp Bank,US,True,2026-08-07T12:01:00+00:00
INST_000147,ACC_000037,prepaid_card,fp_card_1958e56b43b442b3,525500,6744,MASTERCARD,Prepaid Financial Services,US,True,2026-08-07T12:01:00+00:00
INST_000148,ACC_000038,prepaid_card,fp_card_5e96dde7f7365be8,542418,5794,MASTERCARD,MetaBank,US,True,2026-08-07T12:04:00+00:00
INST_000149,ACC_000038,prepaid_card,fp_card_4ecd683b597a617d,371449,3174,AMEX,MetaBank,US,True,2026-08-07T12:04:00+00:00
INST_000150,ACC_000038,prepaid_card,fp_card_d642059fd2d41862,453201,9447,VISA,MetaBank,US,True,2026-08-07T12:04:00+00:00
INST_000151,ACC_000039,prepaid_card,fp_card_b51f8b561fd5ec61,378282,9756,AMEX,Vanilla Prepaid,US,True,2026-08-07T12:07:00+00:00
INST_000152,ACC_000039,prepaid_card,fp_card_f7ede9bd72b8285e,411111,2631,VISA,Vanilla Prepaid,US,True,2026-08-07T12:07:00+00:00
INST_000153,ACC_000039,prepaid_card,fp_card_82bc5421f17d9d57,371449,5489,AMEX,MetaBank,US,True,2026-08-07T12:07:00+00:00
INST_000154,ACC_000040,prepaid_card,fp_card_4f4fce519444f23b,471600,2559,VISA,Vanilla Prepaid,US,True,2026-08-07T12:10:00+00:00
INST_000155,ACC_000040,prepaid_card,fp_card_72ccb1abd9037311,550000,2160,MASTERCARD,Green Dot Bank,US,True,2026-08-07T12:10:00+00:00
INST_000156,ACC_000040,prepaid_card,fp_card_58d45e3a37386b82,510510,9691,MASTERCARD,Prepaid Financial Services,US,True,2026-08-07T12:10:00+00:00
INST_000157,ACC_000041,prepaid_card,fp_card_e76470dd749f0186,402400,3017,VISA,Vanilla Prepaid,US,True,2026-08-07T12:13:00+00:00
INST_000158,ACC_000041,prepaid_card,fp_card_a9041561d0426b46,378282,5942,AMEX,Prepaid Financial Services,US,True,2026-08-07T12:13:00+00:00
INST_000159,ACC_000041,prepaid_card,fp_card_867c04c6b3678aa0,644000,2163,DISCOVER,Green Dot Bank,US,True,2026-08-07T12:13:00+00:00
INST_000160,ACC_000042,prepaid_card,fp_card_fdb38c89d16e384b,411111,2106,VISA,The Bancorp Bank,US,True,2026-08-07T12:16:00+00:00
INST_000161,ACC_000042,prepaid_card,fp_card_e8e520403f857bfe,471600,9791,VISA,The Bancorp Bank,US,True,2026-08-07T12:16:00+00:00
INST_000162,ACC_000042,prepaid_card,fp_card_c52bdc0fde1eff20,426684,8167,VISA,The Bancorp Bank,US,True,2026-08-07T12:16:00+00:00
INST_000163,ACC_000043,prepaid_card,fp_card_f3943f2ce677e1b2,471600,3248,VISA,The Bancorp Bank,US,True,2026-08-07T12:19:00+00:00
INST_000164,ACC_000043,prepaid_card,fp_card_ae862d7dd70167db,411111,6488,VISA,MetaBank,US,True,2026-08-07T12:19:00+00:00
INST_000165,ACC_000043,prepaid_card,fp_card_eade754a7c54ad8a,542418,3577,MASTERCARD,Green Dot Bank,US,True,2026-08-07T12:19:00+00:00
INST_000166,ACC_000044,prepaid_card,fp_card_c92cf1e4d6b7144c,601100,3932,DISCOVER,Green Dot Bank,US,True,2026-08-07T12:22:00+00:00
INST_000167,ACC_000044,prepaid_card,fp_card_1535a07d982b8eb1,491622,7108,VISA,Green Dot Bank,US,True,2026-08-07T12:22:00+00:00
INST_000168,ACC_000044,prepaid_card,fp_card_4b3e9273cbe66639,378282,8483,AMEX,The Bancorp Bank,US,True,2026-08-07T12:22:00+00:00
INST_000169,ACC_000045,prepaid_card,fp_card_61210a2d2ae23b1d,525500,1104,MASTERCARD,Green Dot Bank,US,True,2026-08-07T12:25:00+00:00
INST_000170,ACC_000045,prepaid_card,fp_card_34688140dad5b824,378282,4361,AMEX,The Bancorp Bank,US,True,2026-08-07T12:25:00+00:00
INST_000171,ACC_000045,prepaid_card,fp_card_36a87e9cff419111,644000,7102,DISCOVER,Green Dot Bank,US,True,2026-08-07T12:25:00+00:00
INST_000172,ACC_000046,prepaid_card,fp_card_abb4a33067871dea,340000,7438,AMEX,MetaBank,US,True,2026-08-07T12:28:00+00:00
INST_000173,ACC_000046,prepaid_card,fp_card_482536142fe80e66,650000,7660,DISCOVER,MetaBank,US,True,2026-08-07T12:28:00+00:00
INST_000174,ACC_000046,prepaid_card,fp_card_2a46ca7cf5c52e3a,402400,6370,VISA,The Bancorp Bank,US,True,2026-08-07T12:28:00+00:00
INST_000175,ACC_000047,prepaid_card,fp_card_d4cbea40955dc9a8,453201,2669,VISA,The Bancorp Bank,US,True,2026-06-21T12:05:00+00:00
INST_000176,ACC_000048,prepaid_card,fp_card_9a9890d981077d84,411111,2010,VISA,The Bancorp Bank,US,True,2026-06-21T12:17:00+00:00
INST_000177,ACC_000049,prepaid_card,fp_card_432c181986fc7fc1,525500,7563,MASTERCARD,Green Dot Bank,US,True,2026-06-21T12:29:00+00:00
INST_000178,ACC_000050,prepaid_card,fp_card_69ef896f8146c538,378282,1357,AMEX,The Bancorp Bank,US,True,2026-06-21T12:41:00+00:00
INST_000179,ACC_000051,prepaid_card,fp_card_611f53a9b0140d43,601100,2506,DISCOVER,MetaBank,US,True,2026-06-21T12:53:00+00:00
INST_000180,ACC_000052,prepaid_card,fp_card_c786d9c7254629de,411111,8552,VISA,Prepaid Financial Services,US,True,2026-06-21T13:05:00+00:00
INST_000181,ACC_000053,prepaid_card,fp_card_d418fd02fb29c1e2,644000,7471,DISCOVER,Vanilla Prepaid,US,True,2026-06-21T13:17:00+00:00
INST_000182,ACC_000054,prepaid_card,fp_card_999242a933c34ada,601100,6799,DISCOVER,The Bancorp Bank,US,True,2026-06-21T13:29:00+00:00
INST_000183,ACC_000055,prepaid_card,fp_card_2ddb98fdd75d9ec2,340000,8307,AMEX,Green Dot Bank,US,True,2026-06-21T13:41:00+00:00
INST_000184,ACC_000056,prepaid_card,fp_card_0f9f7994440709f1,542418,9173,MASTERCARD,Prepaid Financial Services,US,True,2026-06-21T13:53:00+00:00
INST_000185,ACC_000057,prepaid_card,fp_card_cad502fdacf0c93c,601100,2437,DISCOVER,The Bancorp Bank,US,True,2026-06-21T14:05:00+00:00
INST_000186,ACC_000058,prepaid_card,fp_card_e04d321163580856,601100,9614,DISCOVER,Prepaid Financial Services,US,True,2026-06-21T14:17:00+00:00
INST_000187,ACC_000059,prepaid_card,fp_card_f2847f214cc19452,453201,6883,VISA,Vanilla Prepaid,US,True,2026-06-21T14:29:00+00:00
INST_000188,ACC_000060,prepaid_card,fp_card_d80e076591ca2fb4,340000,7363,AMEX,Green Dot Bank,US,True,2026-06-21T14:41:00+00:00
INST_000189,ACC_000061,prepaid_card,fp_card_f52acdd28053a138,371449,1480,AMEX,MetaBank,US,True,2026-06-21T14:53:00+00:00
INST_000190,ACC_000062,debit_card,fp_card_9ab509a847b63381,510510,9674,DISCOVER,Chime Neobank,US,False,2026-07-09T12:00:00+00:00
INST_000191,ACC_000063,prepaid_card,fp_card_8ca9653bdc6bd928,510510,5366,MASTERCARD,JPMorgan Chase,US,False,2026-07-09T13:00:00+00:00
INST_000192,ACC_000064,prepaid_card,fp_card_9e9ec9add8897ac3,510510,6813,DISCOVER,Wells Fargo,US,False,2026-07-09T15:00:00+00:00
INST_000193,ACC_000065,prepaid_card,fp_card_b6a8536d34c264c9,510510,6878,AMEX,JPMorgan Chase,US,False,2026-07-09T17:00:00+00:00
INST_000194,ACC_000066,prepaid_card,fp_card_1f55cd1cd075c947,510510,4084,MASTERCARD,Truist,US,False,2026-07-09T19:00:00+00:00
INST_000195,ACC_000067,prepaid_card,fp_card_4da9078433feda8a,510510,9035,MASTERCARD,JPMorgan Chase,US,False,2026-07-09T21:00:00+00:00
INST_000196,ACC_000068,prepaid_card,fp_card_497ed35f5530ed4b,510510,1326,MASTERCARD,JPMorgan Chase,US,False,2026-07-09T23:00:00+00:00
INST_000197,ACC_000069,prepaid_card,fp_card_a489ed058136cf7c,510510,3137,MASTERCARD,Wells Fargo,US,False,2026-07-10T01:00:00+00:00
INST_000198,ACC_000070,prepaid_card,fp_card_e10011636ebf77f9,510510,3420,VISA,Wells Fargo,US,False,2026-07-10T03:00:00+00:00
INST_000199,ACC_000071,prepaid_card,fp_card_81af71a612b9f973,510510,2188,AMEX,PNC Bank,US,False,2026-07-10T05:00:00+00:00
INST_000200,ACC_000072,prepaid_card,fp_card_6b9575e48818b84b,510510,5944,AMEX,Wells Fargo,US,False,2026-07-10T07:00:00+00:00
INST_000201,ACC_000073,prepaid_card,fp_card_a5dd2e3e5ddc343b,510510,6198,DISCOVER,TD Bank,US,False,2026-07-10T09:00:00+00:00
INST_000202,ACC_000074,prepaid_card,fp_card_8988893b8b1acc0c,510510,7199,MASTERCARD,Capital One,US,False,2026-07-10T11:00:00+00:00
INST_000203,ACC_000075,prepaid_card,fp_card_7bb9136bdfdb86a1,510510,7415,VISA,Chime Neobank,US,False,2026-07-10T13:00:00+00:00
INST_000204,ACC_000076,prepaid_card,fp_card_5192adb7e081ff66,510510,4619,AMEX,Bank of America,US,False,2026-07-10T15:00:00+00:00
INST_000205,ACC_000077,prepaid_card,fp_card_6c76b7d06230a4cf,510510,2274,AMEX,U.S. Bank,US,False,2026-07-10T17:00:00+00:00
INST_000206,ACC_000078,prepaid_card,fp_card_a6938c85f740839d,510510,6500,VISA,Capital One,US,False,2026-07-10T19:00:00+00:00
INST_000207,ACC_000079,prepaid_card,fp_card_51bee23ed231678a,510510,6742,VISA,Bank of America,US,False,2026-07-10T21:00:00+00:00
INST_000208,ACC_000080,prepaid_card,fp_card_a2b5c62006ba6f10,453201,8179,VISA,The Bancorp Bank,US,True,2026-08-14T12:00:00+00:00
INST_000209,ACC_000081,prepaid_card,fp_card_41115535753d2923,650000,6754,DISCOVER,Green Dot Bank,US,True,2026-08-14T12:20:00+00:00
INST_000210,ACC_000082,prepaid_card,fp_card_fd1bcfb973126da9,525500,8393,MASTERCARD,Green Dot Bank,US,True,2026-08-14T12:40:00+00:00
INST_000211,ACC_000083,prepaid_card,fp_card_383722b75e1e6a40,426684,5278,VISA,Green Dot Bank,US,True,2026-08-14T13:00:00+00:00
INST_000212,ACC_000084,prepaid_card,fp_card_2b713cabdbb2fa97,550000,3636,MASTERCARD,Prepaid Financial Services,US,True,2026-08-14T13:20:00+00:00
INST_000213,ACC_000085,prepaid_card,fp_card_bda56c8f4ebcc26e,375987,1507,AMEX,The Bancorp Bank,US,True,2026-08-14T13:40:00+00:00
INST_000214,ACC_000086,prepaid_card,fp_card_5ea233d60a19e641,510510,2659,MASTERCARD,The Bancorp Bank,US,True,2026-08-14T14:00:00+00:00
INST_000215,ACC_000087,prepaid_card,fp_card_6d0f109eecb3f542,340000,5872,AMEX,Green Dot Bank,US,True,2026-08-14T14:20:00+00:00
INST_000216,ACC_000088,prepaid_card,fp_card_e8c1c8e1e1857257,601100,1893,DISCOVER,Vanilla Prepaid,US,True,2026-08-14T14:40:00+00:00
INST_000217,ACC_000089,prepaid_card,fp_card_3ec3329a0ae21735,375987,4271,AMEX,The Bancorp Bank,US,True,2026-08-14T15:00:00+00:00
INST_000218,ACC_000090,prepaid_card,fp_card_ab648251eb2134ca,378282,8758,AMEX,MetaBank,US,True,2026-08-14T15:20:00+00:00
INST_000219,ACC_000091,prepaid_card,fp_card_7f7e272a8d75c93b,650000,5341,DISCOVER,Prepaid Financial Services,US,True,2026-08-14T15:40:00+00:00
INST_000220,ACC_000092,credit_card,fp_card_68a8e1e9d872d203,650000,4056,DISCOVER,Capital One,US,False,2026-06-26T13:00:00+00:00
INST_000221,ACC_000093,credit_card,fp_card_7f3766e15d57e344,510510,2404,MASTERCARD,TD Bank,US,False,2026-06-26T17:00:00+00:00
INST_000222,ACC_000094,credit_card,fp_card_930427e55cbf8b5d,644000,7858,DISCOVER,Truist,US,False,2026-06-26T21:00:00+00:00
INST_000223,ACC_000095,credit_card,fp_card_fa5119d3fd884054,491622,9467,VISA,Chime Neobank,US,False,2026-06-27T01:00:00+00:00
INST_000224,ACC_000096,credit_card,fp_card_5e1db0f056f28a86,525500,1699,MASTERCARD,PNC Bank,US,False,2026-06-27T05:00:00+00:00
INST_000225,ACC_000097,credit_card,fp_card_212f302f2c1e5613,378282,2425,AMEX,PNC Bank,US,False,2026-06-27T09:00:00+00:00
INST_000226,ACC_000098,credit_card,fp_card_945e77eba265719c,601100,7790,DISCOVER,Chime Neobank,US,False,2026-06-27T13:00:00+00:00
INST_000227,ACC_000099,credit_card,fp_card_8b278d0a910ba226,426684,9775,VISA,PNC Bank,US,False,2026-06-27T17:00:00+00:00
INST_000228,ACC_000100,credit_card,fp_card_11ba3532f2212cc3,542418,7602,MASTERCARD,Chime Neobank,US,False,2026-06-27T21:00:00+00:00
INST_000229,ACC_000101,credit_card,fp_card_f598f272b7b82f72,471600,8785,VISA,U.S. Bank,US,False,2026-06-28T01:00:00+00:00
INST_000230,ACC_000102,credit_card,fp_card_352ead1ab0723568,644000,2609,DISCOVER,Citibank,US,False,2026-06-28T05:00:00+00:00
INST_000231,ACC_000103,credit_card,fp_card_aa1ec447022d8858,644000,2462,DISCOVER,Citibank,US,False,2026-06-28T09:00:00+00:00
INST_000232,ACC_000104,credit_card,fp_card_588f763816195b07,378282,9442,AMEX,Bank of America,US,False,2026-06-28T13:00:00+00:00
INST_000233,ACC_000105,credit_card,fp_card_79c33a46f3edd543,402400,4158,VISA,Citibank,US,False,2026-06-28T17:00:00+00:00
INST_000234,ACC_000106,credit_card,fp_card_c9ef490fdf7629d6,542418,7035,MASTERCARD,TD Bank,US,False,2026-06-28T21:00:00+00:00
INST_000235,ACC_000107,bank_account,fp_card_ce174d7421136390,601100,8775,DISCOVER,U.S. Bank,US,False,2026-07-25T12:00:00+00:00
INST_000236,ACC_000108,bank_account,fp_card_cb1786804452eb01,426684,1449,VISA,Wells Fargo,US,False,2026-07-25T15:00:00+00:00
INST_000237,ACC_000109,bank_account,fp_card_8aa2777b98f87bed,525500,4387,MASTERCARD,PNC Bank,US,False,2026-07-25T18:00:00+00:00
INST_000238,ACC_000110,bank_account,fp_card_66f1ebb736934d40,453201,3167,VISA,Chime Neobank,US,False,2026-07-25T21:00:00+00:00
INST_000239,ACC_000111,bank_account,fp_card_a885a7e7e301e2a1,340000,7943,AMEX,U.S. Bank,US,False,2026-07-26T00:00:00+00:00
INST_000240,ACC_000112,bank_account,fp_card_a2f10266b6cb1c8f,644000,2676,DISCOVER,U.S. Bank,US,False,2026-07-26T03:00:00+00:00
INST_000241,ACC_000113,bank_account,fp_card_e6b24162242f4015,378282,8892,AMEX,Capital One,US,False,2026-07-26T06:00:00+00:00
INST_000242,ACC_000114,bank_account,fp_card_dd327548c0322f52,371449,3456,AMEX,Citibank,US,False,2026-07-26T09:00:00+00:00
INST_000243,ACC_000115,bank_account,fp_card_b3fb7fda5c9cb721,644000,6236,DISCOVER,JPMorgan Chase,US,False,2026-07-26T12:00:00+00:00
INST_000244,ACC_000116,bank_account,fp_card_10261802549c5f8c,650000,7361,DISCOVER,Chime Neobank,US,False,2026-07-26T15:00:00+00:00
INST_000245,ACC_000117,bank_account,fp_card_4b28ae671d273426,371449,9759,AMEX,Truist,US,False,2026-07-26T18:00:00+00:00
INST_000246,ACC_000118,bank_account,fp_card_158383bdce9b8e5f,371449,3967,AMEX,Truist,US,False,2026-07-26T21:00:00+00:00
INST_000247,ACC_000119,bank_account,fp_card_30d558be8bb0c24a,542418,2463,MASTERCARD,Citibank,US,False,2026-07-27T00:00:00+00:00
INST_000248,ACC_000120,bank_account,fp_card_08a5d0cfa9d9bc0d,340000,5269,AMEX,Truist,US,False,2026-07-27T03:00:00+00:00
INST_000249,ACC_000121,credit_card,fp_card_3fa59f51f86d6def,453201,6449,VISA,Wells Fargo,US,False,2026-05-30T12:00:00+00:00
INST_000250,ACC_000122,credit_card,fp_card_356dec99ab5f4f40,453201,5481,VISA,Wells Fargo,US,False,2026-05-30T12:00:00+00:00
INST_000251,ACC_000123,credit_card,fp_card_d02d64ea7a2c427f,601100,3120,DISCOVER,PNC Bank,US,False,2026-05-30T12:00:00+00:00
INST_000252,ACC_000124,credit_card,fp_card_f36639c98004d857,650000,1076,DISCOVER,Citibank,US,False,2026-05-30T12:00:00+00:00
INST_000253,ACC_000125,credit_card,fp_card_49b37dfad2dc09f1,371449,1293,AMEX,Citibank,US,False,2026-05-30T12:00:00+00:00
INST_000254,ACC_000136,debit_card,fp_card_b68e57c0b00a823e,510510,7284,MASTERCARD,Capital One,US,False,2026-06-16T05:11:47+00:00
INST_000255,ACC_000137,debit_card,fp_card_b246e309a3a42f3e,550000,2718,MASTERCARD,Chime Neobank,US,False,2026-06-24T18:12:15+00:00
INST_000256,ACC_000138,debit_card,fp_card_54cf436a77a38662,375987,5395,AMEX,Bank of America,US,False,2026-06-07T18:39:40+00:00
INST_000257,ACC_000139,debit_card,fp_card_50a449516c0b88a5,601100,2226,DISCOVER,U.S. Bank,US,False,2026-06-24T01:01:44+00:00
INST_000258,ACC_000140,debit_card,fp_card_d099d07f66324be1,550000,2752,MASTERCARD,Citibank,US,False,2026-06-07T11:15:17+00:00
INST_000259,ACC_000141,debit_card,fp_card_049a6d3429ca0476,535310,9888,MASTERCARD,U.S. Bank,US,False,2026-07-03T23:40:18+00:00
INST_000260,ACC_000142,debit_card,fp_card_701645cb02d94f71,375987,6866,AMEX,U.S. Bank,US,False,2026-06-01T23:15:03+00:00
INST_000261,ACC_000143,debit_card,fp_card_2e695aa08908fed9,510510,8523,MASTERCARD,JPMorgan Chase,US,False,2026-07-05T18:11:27+00:00
INST_000262,ACC_000144,debit_card,fp_card_1aa47d85c000004d,550000,9397,MASTERCARD,Wells Fargo,US,False,2026-07-04T17:46:41+00:00
INST_000263,ACC_000145,debit_card,fp_card_082257ad5d8619fb,491622,1511,VISA,Chime Neobank,US,False,2026-06-03T05:05:06+00:00
INST_000264,ACC_000146,debit_card,fp_card_337dd8e3b2e622e6,650000,6653,DISCOVER,Truist,US,False,2026-06-10T07:41:47+00:00
INST_000265,ACC_000147,debit_card,fp_card_352619758b4229e3,491622,9246,VISA,Bank of America,US,False,2026-06-08T02:42:42+00:00
INST_000266,ACC_000148,debit_card,fp_card_c0fc671117596ccf,471600,4764,VISA,Wells Fargo,US,False,2026-06-18T19:51:17+00:00
INST_000267,ACC_000149,debit_card,fp_card_3b442af6d04fc15d,491622,5661,VISA,TD Bank,US,False,2026-07-05T06:34:49+00:00
INST_000268,ACC_000150,debit_card,fp_card_2a5087a0331351df,644000,1108,DISCOVER,TD Bank,US,False,2026-06-03T07:26:40+00:00
INST_000269,ACC_000151,debit_card,fp_card_2e9728756734eb9d,535310,4744,MASTERCARD,Capital One,US,False,2026-06-21T09:08:14+00:00
INST_000270,ACC_000152,debit_card,fp_card_dd4da447e0086879,525500,1378,MASTERCARD,Citibank,US,False,2026-06-21T08:37:27+00:00
INST_000271,ACC_000153,debit_card,fp_card_4928b8f71d0b415d,371449,7745,AMEX,PNC Bank,US,False,2026-07-08T04:18:04+00:00
INST_000272,ACC_000154,debit_card,fp_card_68e6b1062d9411dc,601100,1549,DISCOVER,Bank of America,US,False,2026-06-11T14:03:43+00:00
INST_000273,ACC_000155,debit_card,fp_card_a790c90397efd0c6,340000,8674,AMEX,Chime Neobank,US,False,2026-06-27T00:15:19+00:00
INST_000274,ACC_000156,credit_card,fp_card_593274018ddb1b97,644000,2728,DISCOVER,Wells Fargo,US,False,2026-06-16T20:51:44+00:00
INST_000275,ACC_000157,credit_card,fp_card_38804a5f26ed41a8,371449,4519,AMEX,JPMorgan Chase,US,False,2026-06-12T14:46:21+00:00
INST_000276,ACC_000158,credit_card,fp_card_0c45525973a35dab,378282,7251,AMEX,Wells Fargo,US,False,2026-06-08T18:12:51+00:00
INST_000277,ACC_000159,credit_card,fp_card_4aa7271110f9ad0e,375987,3425,AMEX,Bank of America,US,False,2026-06-08T05:54:30+00:00
INST_000278,ACC_000160,credit_card,fp_card_5e09fc38f8d988f0,371449,6254,AMEX,Bank of America,US,False,2026-07-09T15:42:57+00:00
INST_000279,ACC_000161,credit_card,fp_card_af854c6208c5a7e1,378282,8617,AMEX,Wells Fargo,US,False,2026-06-27T01:47:58+00:00
INST_000280,ACC_000162,credit_card,fp_card_e6162da13097c743,340000,4869,AMEX,Bank of America,US,False,2026-07-03T04:03:20+00:00
INST_000281,ACC_000163,credit_card,fp_card_2d64a0ed2a832663,510510,6221,MASTERCARD,Bank of America,US,False,2026-06-10T23:51:44+00:00
INST_000282,ACC_000164,credit_card,fp_card_e03c4a00274da09e,525500,4351,MASTERCARD,Bank of America,US,False,2026-05-31T22:59:08+00:00
INST_000283,ACC_000165,credit_card,fp_card_3dcd89010601e448,601100,7921,DISCOVER,Bank of America,US,False,2026-07-08T03:30:00+00:00
INST_000284,ACC_000166,credit_card,fp_card_68092f036cd195e3,550000,7235,MASTERCARD,Wells Fargo,US,False,2026-07-06T18:59:18+00:00
INST_000285,ACC_000167,credit_card,fp_card_236e16cd9ae32151,402400,9967,VISA,Wells Fargo,US,False,2026-06-07T05:01:36+00:00
INST_000286,ACC_000168,credit_card,fp_card_077add992303d957,644000,4438,DISCOVER,Wells Fargo,US,False,2026-06-26T03:26:29+00:00
INST_000287,ACC_000169,credit_card,fp_card_36b95aaf1af55592,542418,5168,MASTERCARD,Wells Fargo,US,False,2026-06-20T02:46:59+00:00
INST_000288,ACC_000170,credit_card,fp_card_d1977fd95b97cfc0,340000,2084,AMEX,Wells Fargo,US,False,2026-06-01T07:37:01+00:00
INST_000289,ACC_000171,credit_card,fp_card_661839f9d8100d6d,542418,8921,MASTERCARD,JPMorgan Chase,US,False,2026-07-16T08:41:12+00:00
INST_000290,ACC_000172,bank_account,fp_card_290e51627662fdbb,402400,9888,VISA,JPMorgan Chase,US,False,2026-06-05T01:21:21+00:00
INST_000291,ACC_000173,bank_account,fp_card_c67e65a60d3bae33,601100,3131,DISCOVER,JPMorgan Chase,US,False,2026-06-29T06:30:10+00:00
INST_000292,ACC_000174,bank_account,fp_card_fbb98d6d853933c8,644000,6826,DISCOVER,JPMorgan Chase,US,False,2026-06-28T10:31:54+00:00
INST_000293,ACC_000175,bank_account,fp_card_9b18f1b66f90d0cf,471600,8672,VISA,JPMorgan Chase,US,False,2026-06-22T02:34:27+00:00
INST_000294,ACC_000176,bank_account,fp_card_ff40759d8d226316,375987,4004,AMEX,JPMorgan Chase,US,False,2026-06-29T10:47:22+00:00
INST_000295,ACC_000177,bank_account,fp_card_82d83c730e1c7f96,601100,5624,DISCOVER,JPMorgan Chase,US,False,2026-06-04T23:31:22+00:00
INST_000296,ACC_000178,bank_account,fp_card_71427334a2ac7905,650000,7773,DISCOVER,JPMorgan Chase,US,False,2026-06-02T22:37:56+00:00
INST_000297,ACC_000179,bank_account,fp_card_72f1fc94aea040fd,644000,6606,DISCOVER,JPMorgan Chase,US,False,2026-06-28T04:31:48+00:00
INST_000298,ACC_000180,bank_account,fp_card_0960deabcabd0a45,650000,2599,DISCOVER,JPMorgan Chase,US,False,2026-06-05T01:11:44+00:00
INST_000299,ACC_000181,bank_account,fp_card_ab660a948e1a3fcb,650000,9098,DISCOVER,JPMorgan Chase,US,False,2026-06-28T10:51:45+00:00
INST_000300,ACC_000182,bank_account,fp_card_a3971b0bc56d24e8,644000,5775,DISCOVER,JPMorgan Chase,US,False,2026-06-06T14:56:50+00:00
INST_000301,ACC_000183,bank_account,fp_card_491102fac5540f15,378282,1133,AMEX,JPMorgan Chase,US,False,2026-06-14T06:49:35+00:00
INST_000302,ACC_000184,bank_account,fp_card_a91064385423929a,378282,5623,AMEX,JPMorgan Chase,US,False,2026-06-26T03:29:51+00:00
INST_000303,ACC_000185,bank_account,fp_card_64f8e9d43f9448c5,525500,8780,MASTERCARD,JPMorgan Chase,US,False,2026-06-19T05:03:44+00:00
INST_000304,ACC_000186,bank_account,fp_card_8926bd878e844a11,471600,1257,VISA,JPMorgan Chase,US,False,2026-06-05T14:16:31+00:00
INST_000305,ACC_000187,bank_account,fp_card_fcab5ebcbd37015a,644000,3945,DISCOVER,JPMorgan Chase,US,False,2026-06-21T15:18:42+00:00
INST_000306,ACC_000188,bank_account,fp_card_367e58cfdf331a3f,644000,4878,DISCOVER,JPMorgan Chase,US,False,2026-06-28T20:22:44+00:00
INST_000307,ACC_000189,bank_account,fp_card_15050169ea016adf,378282,8889,AMEX,JPMorgan Chase,US,False,2026-06-27T01:56:32+00:00
INST_000308,ACC_000190,bank_account,fp_card_5a5653bb07a7f4f1,402400,8740,VISA,JPMorgan Chase,US,False,2026-06-03T07:08:59+00:00
INST_000309,ACC_000191,bank_account,fp_card_0427aacab4ce0153,378282,8681,AMEX,JPMorgan Chase,US,False,2026-06-14T16:05:18+00:00
INST_000310,ACC_000192,debit_card,fp_card_d91b2e91af2e0312,426684,8942,VISA,TD Bank,US,False,2026-06-06T22:18:57+00:00
INST_000311,ACC_000192,credit_card,fp_card_452fd8edbbc59eef,371449,5603,AMEX,Capital One,US,False,2026-06-04T22:18:57+00:00
INST_000312,ACC_000192,credit_card,fp_card_3d9186030f542c50,535310,3476,MASTERCARD,U.S. Bank,US,False,2026-06-02T22:18:57+00:00
INST_000313,ACC_000193,credit_card,fp_card_d4ee751253a4494d,426684,8353,VISA,U.S. Bank,US,False,2026-06-18T18:32:14+00:00
INST_000314,ACC_000194,bank_account,fp_card_a4935acf87736205,542418,5826,MASTERCARD,Bank of America,US,False,2026-08-02T06:00:06+00:00
INST_000315,ACC_000195,credit_card,fp_card_5a4f7085720acd23,601100,2485,DISCOVER,U.S. Bank,US,False,2026-08-19T08:44:22+00:00
INST_000316,ACC_000195,credit_card,fp_card_467ab7f876fdda43,371449,3893,AMEX,PNC Bank,US,False,2026-08-20T08:44:22+00:00
INST_000317,ACC_000195,debit_card,fp_card_cb65ad00ecd3923d,601100,6886,DISCOVER,Truist,US,False,2026-08-19T08:44:22+00:00
INST_000318,ACC_000196,debit_card,fp_card_c85f412ecb7c80b7,402400,1818,VISA,Bank of America,US,False,2026-08-05T08:02:09+00:00
INST_000319,ACC_000197,credit_card,fp_card_44f5558f0cb5cee2,411111,1118,VISA,Bank of America,US,False,2026-06-16T05:06:20+00:00
INST_000320,ACC_000197,debit_card,fp_card_891610e0e2e97abc,375987,8798,AMEX,Citibank,US,False,2026-06-17T05:06:20+00:00
INST_000321,ACC_000198,debit_card,fp_card_1b39056555d29bca,471600,1859,VISA,Wells Fargo,US,False,2026-07-15T13:27:43+00:00
INST_000322,ACC_000198,credit_card,fp_card_ff1784d7878a4ca7,644000,2901,DISCOVER,Citibank,US,False,2026-07-15T13:27:43+00:00
INST_000323,ACC_000199,bank_account,fp_card_43297d86b46ac910,535310,8757,MASTERCARD,Capital One,US,False,2026-06-23T20:17:45+00:00
INST_000324,ACC_000200,debit_card,fp_card_ad0c3524a7f0f2ca,491622,6500,VISA,JPMorgan Chase,US,False,2026-07-27T04:01:35+00:00
INST_000325,ACC_000200,debit_card,fp_card_fd041e4e35f89348,378282,2818,AMEX,Truist,US,False,2026-07-31T04:01:35+00:00
INST_000326,ACC_000200,debit_card,fp_card_97f7fd478c1ef068,371449,2097,AMEX,Citibank,US,False,2026-07-28T04:01:35+00:00
INST_000327,ACC_000201,bank_account,fp_card_81f08972316066cc,375987,6616,AMEX,U.S. Bank,US,False,2026-08-24T10:52:54+00:00
INST_000328,ACC_000202,credit_card,fp_card_f2dfa5de8c7ff868,371449,1070,AMEX,TD Bank,US,False,2026-08-06T02:51:05+00:00
INST_000329,ACC_000203,credit_card,fp_card_f77c811f577fe87e,378282,5663,AMEX,Capital One,US,False,2026-06-10T23:36:10+00:00
INST_000330,ACC_000203,prepaid_card,fp_card_2fbb291fc026cdc6,402400,8278,VISA,Vanilla Prepaid,US,True,2026-06-11T23:36:10+00:00
INST_000331,ACC_000204,credit_card,fp_card_8616d45eb1374e22,542418,5917,MASTERCARD,Truist,US,False,2026-06-17T13:25:34+00:00
INST_000332,ACC_000205,credit_card,fp_card_b9b631cd0dce8ca4,340000,6939,AMEX,Chime Neobank,US,False,2026-06-06T05:30:50+00:00
INST_000333,ACC_000206,credit_card,fp_card_7c63555c75d0e546,510510,7960,MASTERCARD,Bank of America,US,False,2026-07-13T09:47:23+00:00
INST_000334,ACC_000206,credit_card,fp_card_133b657d0d394490,601100,4217,DISCOVER,TD Bank,US,False,2026-07-15T09:47:23+00:00
INST_000335,ACC_000207,prepaid_card,fp_card_5e8320c36d7072b6,535310,4728,MASTERCARD,MetaBank,US,True,2026-08-11T22:11:11+00:00
INST_000336,ACC_000207,credit_card,fp_card_078ec4048f72dad1,550000,6918,MASTERCARD,TD Bank,US,False,2026-08-08T22:11:11+00:00
INST_000337,ACC_000208,prepaid_card,fp_card_424eea3cde645e38,371449,6548,AMEX,Vanilla Prepaid,US,True,2026-06-09T17:04:05+00:00
INST_000338,ACC_000208,credit_card,fp_card_aa6547263ca15126,650000,5472,DISCOVER,PNC Bank,US,False,2026-06-12T17:04:05+00:00
INST_000339,ACC_000208,credit_card,fp_card_f347a1a7cf47a698,650000,9379,DISCOVER,Truist,US,False,2026-06-14T17:04:05+00:00
INST_000340,ACC_000209,debit_card,fp_card_1584edce4bb176ab,650000,3560,DISCOVER,PNC Bank,US,False,2026-06-06T16:34:07+00:00
INST_000341,ACC_000210,bank_account,fp_card_d448dab31e19242f,340000,1778,AMEX,Chime Neobank,US,False,2026-07-03T02:51:39+00:00
INST_000342,ACC_000211,bank_account,fp_card_88b9b52426b4a91e,491622,4287,VISA,Wells Fargo,US,False,2026-06-21T14:40:02+00:00
INST_000343,ACC_000211,credit_card,fp_card_9bf5651cdefb2ed1,375987,7721,AMEX,Bank of America,US,False,2026-06-22T14:40:02+00:00
INST_000344,ACC_000212,credit_card,fp_card_e918efa60da2a866,525500,2750,MASTERCARD,Capital One,US,False,2026-07-23T11:56:41+00:00
INST_000345,ACC_000212,credit_card,fp_card_31738a7076ee3f80,453201,9740,VISA,Bank of America,US,False,2026-07-22T11:56:41+00:00
INST_000346,ACC_000213,credit_card,fp_card_574bd4bb12f3a336,542418,6140,MASTERCARD,Bank of America,US,False,2026-07-06T15:53:04+00:00
INST_000347,ACC_000213,credit_card,fp_card_e19a045ac99290ed,535310,7722,MASTERCARD,U.S. Bank,US,False,2026-07-07T15:53:04+00:00
INST_000348,ACC_000214,credit_card,fp_card_04b4d7e94992ee69,601100,1169,DISCOVER,U.S. Bank,US,False,2026-08-23T12:15:58+00:00
INST_000349,ACC_000214,prepaid_card,fp_card_fe1f8b8ca6c2e602,550000,7935,MASTERCARD,MetaBank,US,True,2026-08-21T12:15:58+00:00
INST_000350,ACC_000214,credit_card,fp_card_0fb3504b4ca4fddb,411111,6453,VISA,Truist,US,False,2026-08-22T12:15:58+00:00
INST_000351,ACC_000215,debit_card,fp_card_c9130de7f0cbaa5d,378282,6300,AMEX,Bank of America,US,False,2026-06-02T21:36:49+00:00
INST_000352,ACC_000215,debit_card,fp_card_23465566ff415070,650000,5412,DISCOVER,JPMorgan Chase,US,False,2026-06-04T21:36:49+00:00
INST_000353,ACC_000216,debit_card,fp_card_aace218784896266,650000,2548,DISCOVER,Chime Neobank,US,False,2026-07-19T20:54:54+00:00
INST_000354,ACC_000216,debit_card,fp_card_0a46d579f36db89b,378282,9248,AMEX,Truist,US,False,2026-07-17T20:54:54+00:00
INST_000355,ACC_000216,credit_card,fp_card_f6a184938b9460bb,601100,2364,DISCOVER,Capital One,US,False,2026-07-16T20:54:54+00:00
INST_000356,ACC_000217,credit_card,fp_card_fde85b69de24bd93,550000,8947,MASTERCARD,Truist,US,False,2026-08-02T11:24:05+00:00
INST_000357,ACC_000218,bank_account,fp_card_284356e8cf7b09e5,601100,5806,DISCOVER,PNC Bank,US,False,2026-07-18T00:40:25+00:00
INST_000358,ACC_000218,bank_account,fp_card_1ebb7c521a0a8959,375987,3654,AMEX,Capital One,US,False,2026-07-18T00:40:25+00:00
INST_000359,ACC_000219,debit_card,fp_card_62341c360a0f4b1a,371449,9444,AMEX,Bank of America,US,False,2026-08-20T20:00:59+00:00
INST_000360,ACC_000219,debit_card,fp_card_35cbf9713a286e37,601100,2734,DISCOVER,Chime Neobank,US,False,2026-08-19T20:00:59+00:00
INST_000361,ACC_000220,credit_card,fp_card_538ce91345095c09,550000,8310,MASTERCARD,TD Bank,US,False,2026-06-07T02:42:23+00:00
INST_000362,ACC_000221,debit_card,fp_card_7bbc7805c59514cf,644000,5057,DISCOVER,TD Bank,US,False,2026-07-18T01:37:57+00:00
INST_000363,ACC_000221,debit_card,fp_card_ecc309d48deb6ce5,601100,3401,DISCOVER,PNC Bank,US,False,2026-07-15T01:37:57+00:00
INST_000364,ACC_000222,prepaid_card,fp_card_36582cfbbdf3c186,375987,1458,AMEX,The Bancorp Bank,US,True,2026-06-16T17:27:46+00:00
INST_000365,ACC_000223,credit_card,fp_card_914fbc871db82436,491622,9548,VISA,Truist,US,False,2026-08-07T14:14:50+00:00
INST_000366,ACC_000224,debit_card,fp_card_c90690d8cd697e6e,510510,1958,MASTERCARD,Bank of America,US,False,2026-06-10T08:06:13+00:00
INST_000367,ACC_000225,prepaid_card,fp_card_80cab0a5998d783a,650000,5029,DISCOVER,MetaBank,US,True,2026-07-12T21:07:37+00:00
INST_000368,ACC_000226,debit_card,fp_card_ea90054d112535ae,371449,9570,AMEX,Capital One,US,False,2026-06-27T10:15:59+00:00
INST_000369,ACC_000227,credit_card,fp_card_2138d64afcf7f676,510510,8184,MASTERCARD,Truist,US,False,2026-06-04T04:56:53+00:00
INST_000370,ACC_000228,credit_card,fp_card_ea33c821caadfcf5,371449,2769,AMEX,Chime Neobank,US,False,2026-08-15T12:12:05+00:00
INST_000371,ACC_000228,debit_card,fp_card_98263146d69b6e36,535310,3064,MASTERCARD,Capital One,US,False,2026-08-15T12:12:05+00:00
INST_000372,ACC_000229,debit_card,fp_card_593cdba1c4b3c1c5,371449,2717,AMEX,JPMorgan Chase,US,False,2026-08-17T17:47:50+00:00
INST_000373,ACC_000229,debit_card,fp_card_e0317c4bf6395062,525500,8643,MASTERCARD,Citibank,US,False,2026-08-14T17:47:50+00:00
INST_000374,ACC_000229,debit_card,fp_card_f2edf9c4922390d9,601100,7558,DISCOVER,JPMorgan Chase,US,False,2026-08-16T17:47:50+00:00
INST_000375,ACC_000230,bank_account,fp_card_deec1d25c66d8013,411111,3366,VISA,Wells Fargo,US,False,2026-08-29T10:13:34+00:00
INST_000376,ACC_000230,debit_card,fp_card_fe4e4e288f484f6b,644000,7131,DISCOVER,PNC Bank,US,False,2026-08-25T10:13:34+00:00
INST_000377,ACC_000230,prepaid_card,fp_card_801fa130c33b1411,491622,4098,VISA,MetaBank,US,True,2026-08-25T10:13:34+00:00
INST_000378,ACC_000231,credit_card,fp_card_730e945c1cd56789,375987,9500,AMEX,Chime Neobank,US,False,2026-06-20T19:31:59+00:00
INST_000379,ACC_000232,debit_card,fp_card_0bfbf6f0b8093ed1,550000,4728,MASTERCARD,Citibank,US,False,2026-08-11T00:49:58+00:00
INST_000380,ACC_000233,bank_account,fp_card_2ddae0f7d2809ad7,550000,2043,MASTERCARD,Citibank,US,False,2026-07-29T11:42:16+00:00
INST_000381,ACC_000234,debit_card,fp_card_106be9aa118e4cfd,371449,1121,AMEX,Truist,US,False,2026-08-25T13:13:33+00:00
INST_000382,ACC_000235,debit_card,fp_card_d2b4cc72c770710e,601100,5141,DISCOVER,JPMorgan Chase,US,False,2026-06-08T23:31:28+00:00
INST_000383,ACC_000236,credit_card,fp_card_aa0fe9746fb413e0,525500,1564,MASTERCARD,TD Bank,US,False,2026-08-09T18:45:55+00:00
INST_000384,ACC_000236,credit_card,fp_card_e16fee7741120e86,471600,9566,VISA,Bank of America,US,False,2026-08-12T18:45:55+00:00
INST_000385,ACC_000237,credit_card,fp_card_d916bdc79f704eb0,601100,2081,DISCOVER,Capital One,US,False,2026-08-18T16:32:32+00:00
INST_000386,ACC_000237,debit_card,fp_card_2053cdaaea5857ce,411111,4580,VISA,Chime Neobank,US,False,2026-08-19T16:32:32+00:00
INST_000387,ACC_000238,debit_card,fp_card_d63727e361e96c4c,601100,5079,DISCOVER,Chime Neobank,US,False,2026-06-20T07:52:01+00:00
INST_000388,ACC_000239,credit_card,fp_card_9e649318ed5c3eef,525500,8148,MASTERCARD,U.S. Bank,US,False,2026-07-22T02:42:54+00:00
INST_000389,ACC_000239,debit_card,fp_card_339f1e7e6eef5eb6,378282,7313,AMEX,Citibank,US,False,2026-07-21T02:42:54+00:00
INST_000390,ACC_000239,credit_card,fp_card_4d89dc7537b237bd,378282,3422,AMEX,Truist,US,False,2026-07-18T02:42:54+00:00
INST_000391,ACC_000240,credit_card,fp_card_55a84d1db6df6478,644000,7829,DISCOVER,PNC Bank,US,False,2026-08-14T03:33:08+00:00
INST_000392,ACC_000241,prepaid_card,fp_card_85b2d357151d36e8,375987,7200,AMEX,MetaBank,US,True,2026-08-16T02:59:09+00:00
INST_000393,ACC_000241,bank_account,fp_card_70481291f47beb31,453201,7583,VISA,Wells Fargo,US,False,2026-08-15T02:59:09+00:00
INST_000394,ACC_000242,prepaid_card,fp_card_901ecf81dce36716,542418,7283,MASTERCARD,The Bancorp Bank,US,True,2026-07-22T18:40:20+00:00
INST_000395,ACC_000243,debit_card,fp_card_ea5d6e09ee1fb531,510510,7476,MASTERCARD,Truist,US,False,2026-06-03T15:54:40+00:00
INST_000396,ACC_000244,debit_card,fp_card_45288c43c594229e,371449,9978,AMEX,Wells Fargo,US,False,2026-08-11T02:57:15+00:00
INST_000397,ACC_000245,credit_card,fp_card_d02714d384f3608b,411111,9015,VISA,TD Bank,US,False,2026-06-16T05:55:25+00:00
INST_000398,ACC_000246,credit_card,fp_card_6cd12bbf6b534e27,411111,9292,VISA,TD Bank,US,False,2026-06-10T21:23:22+00:00
INST_000399,ACC_000247,debit_card,fp_card_6e58716bae054734,644000,3346,DISCOVER,Bank of America,US,False,2026-07-29T23:05:53+00:00
INST_000400,ACC_000248,debit_card,fp_card_df739a3779f0fe44,601100,9666,DISCOVER,Chime Neobank,US,False,2026-06-28T00:43:32+00:00
INST_000401,ACC_000249,debit_card,fp_card_f3a78ae3ac663194,550000,9156,MASTERCARD,TD Bank,US,False,2026-06-12T05:11:23+00:00
INST_000402,ACC_000250,debit_card,fp_card_7545bf2f0d9b0747,426684,1096,VISA,U.S. Bank,US,False,2026-06-02T17:12:22+00:00
INST_000403,ACC_000251,credit_card,fp_card_94c2b98a67e0a0ae,644000,9119,DISCOVER,Wells Fargo,US,False,2026-06-20T21:43:23+00:00
INST_000404,ACC_000251,credit_card,fp_card_7feae911b3475337,601100,2797,DISCOVER,JPMorgan Chase,US,False,2026-06-20T21:43:23+00:00
INST_000405,ACC_000252,credit_card,fp_card_0ee6c8440c2da2e9,550000,1289,MASTERCARD,Bank of America,US,False,2026-06-10T12:09:30+00:00
INST_000406,ACC_000253,credit_card,fp_card_84e8f5abefe05cb1,411111,3137,VISA,Chime Neobank,US,False,2026-07-26T01:42:47+00:00
INST_000407,ACC_000253,credit_card,fp_card_99035bc81d8c928f,525500,8303,MASTERCARD,Bank of America,US,False,2026-07-27T01:42:47+00:00
INST_000408,ACC_000254,debit_card,fp_card_a461477607c20caa,644000,9602,DISCOVER,Citibank,US,False,2026-06-19T13:41:07+00:00
INST_000409,ACC_000255,debit_card,fp_card_0f2a712e7378db02,340000,4341,AMEX,PNC Bank,US,False,2026-07-31T06:34:53+00:00
INST_000410,ACC_000256,bank_account,fp_card_2ea733da35b04ed0,453201,3778,VISA,Citibank,US,False,2026-07-25T06:30:30+00:00
INST_000411,ACC_000257,credit_card,fp_card_00a9eba7d690d2fc,340000,9097,AMEX,PNC Bank,US,False,2026-06-16T17:34:38+00:00
INST_000412,ACC_000258,credit_card,fp_card_7fc4af1c9c6d5448,402400,2262,VISA,PNC Bank,US,False,2026-08-07T01:17:11+00:00
INST_000413,ACC_000259,debit_card,fp_card_cea08aa31383d3bf,542418,3666,MASTERCARD,Bank of America,US,False,2026-07-31T19:42:50+00:00
INST_000414,ACC_000260,credit_card,fp_card_4bd21f98194dd944,340000,6903,AMEX,PNC Bank,US,False,2026-06-22T23:35:50+00:00
INST_000415,ACC_000260,credit_card,fp_card_c807180b3d76e157,601100,4421,DISCOVER,Chime Neobank,US,False,2026-06-26T23:35:50+00:00
INST_000416,ACC_000260,credit_card,fp_card_25d6e38560b10ead,601100,1244,DISCOVER,Capital One,US,False,2026-06-22T23:35:50+00:00
INST_000417,ACC_000261,debit_card,fp_card_0dcad465069f8caf,601100,9930,DISCOVER,Truist,US,False,2026-06-19T00:04:02+00:00
INST_000418,ACC_000261,credit_card,fp_card_3ddc9831e24a0aef,378282,7230,AMEX,U.S. Bank,US,False,2026-06-18T00:04:02+00:00
INST_000419,ACC_000262,credit_card,fp_card_fb066fdf337317f2,378282,9177,AMEX,Truist,US,False,2026-08-08T02:50:13+00:00
INST_000420,ACC_000263,credit_card,fp_card_2b231fcdf26e087f,426684,8601,VISA,PNC Bank,US,False,2026-06-12T04:19:21+00:00
INST_000421,ACC_000264,debit_card,fp_card_a3af849b4e6071e4,644000,5263,DISCOVER,Wells Fargo,US,False,2026-07-30T14:29:47+00:00
INST_000422,ACC_000264,bank_account,fp_card_ece9bb6d2490aa39,411111,1420,VISA,Chime Neobank,US,False,2026-07-26T14:29:47+00:00
INST_000423,ACC_000265,credit_card,fp_card_92cde23a6929a673,601100,9045,DISCOVER,PNC Bank,US,False,2026-07-26T17:59:38+00:00
INST_000424,ACC_000266,credit_card,fp_card_d8dfd24ee139f3c2,542418,7436,MASTERCARD,Chime Neobank,US,False,2026-08-06T15:32:55+00:00
INST_000425,ACC_000267,debit_card,fp_card_bb023d4358d6483d,491622,7909,VISA,PNC Bank,US,False,2026-06-25T06:07:33+00:00
INST_000426,ACC_000268,debit_card,fp_card_4eee34c03ba4d42d,471600,1860,VISA,JPMorgan Chase,US,False,2026-08-22T15:27:11+00:00
INST_000427,ACC_000268,credit_card,fp_card_5dd99b12dbbd5452,426684,6395,VISA,PNC Bank,US,False,2026-08-20T15:27:11+00:00
INST_000428,ACC_000269,credit_card,fp_card_f632fae1c37bd5b8,535310,2731,MASTERCARD,Citibank,US,False,2026-08-06T14:22:32+00:00
INST_000429,ACC_000269,bank_account,fp_card_b94177cee4181784,644000,9412,DISCOVER,PNC Bank,US,False,2026-08-06T14:22:32+00:00
INST_000430,ACC_000270,credit_card,fp_card_53b92be3ead98abf,542418,2261,MASTERCARD,JPMorgan Chase,US,False,2026-08-10T06:12:22+00:00
INST_000431,ACC_000270,debit_card,fp_card_517afdf945167337,453201,5055,VISA,JPMorgan Chase,US,False,2026-08-13T06:12:22+00:00
INST_000432,ACC_000271,prepaid_card,fp_card_8d03331a871970ea,542418,6715,MASTERCARD,Vanilla Prepaid,US,True,2026-06-23T12:43:52+00:00
INST_000433,ACC_000271,debit_card,fp_card_1ba28242a91d9ea5,371449,1673,AMEX,U.S. Bank,US,False,2026-06-21T12:43:52+00:00
INST_000434,ACC_000271,debit_card,fp_card_5ca06fc7abc17e6d,650000,6685,DISCOVER,JPMorgan Chase,US,False,2026-06-19T12:43:52+00:00
INST_000435,ACC_000272,debit_card,fp_card_9a8dda6a786121dc,542418,3223,MASTERCARD,Citibank,US,False,2026-07-08T22:21:10+00:00
INST_000436,ACC_000273,bank_account,fp_card_02b2dc4c6e5c2597,471600,4359,VISA,TD Bank,US,False,2026-08-12T13:54:30+00:00
INST_000437,ACC_000273,debit_card,fp_card_71ef80bd1430a7b8,525500,3535,MASTERCARD,Capital One,US,False,2026-08-15T13:54:30+00:00
INST_000438,ACC_000274,bank_account,fp_card_130003564f1ef539,340000,7454,AMEX,Truist,US,False,2026-06-15T20:53:58+00:00
INST_000439,ACC_000275,debit_card,fp_card_0c8b86225962e465,491622,1397,VISA,Bank of America,US,False,2026-06-17T09:36:21+00:00
INST_000440,ACC_000276,credit_card,fp_card_9be5c11dbbbcbe1a,426684,7904,VISA,U.S. Bank,US,False,2026-06-06T18:14:35+00:00
INST_000441,ACC_000276,bank_account,fp_card_711b74593d9046fe,525500,9963,MASTERCARD,U.S. Bank,US,False,2026-06-06T18:14:35+00:00
INST_000442,ACC_000276,bank_account,fp_card_88e6e1824c4c1806,402400,9086,VISA,Chime Neobank,US,False,2026-06-11T18:14:35+00:00
INST_000443,ACC_000277,bank_account,fp_card_90f185428d0b32ed,411111,1928,VISA,Wells Fargo,US,False,2026-07-30T06:34:33+00:00
INST_000444,ACC_000277,credit_card,fp_card_303a330e69cd57a6,371449,5790,AMEX,PNC Bank,US,False,2026-07-31T06:34:33+00:00
INST_000445,ACC_000278,debit_card,fp_card_6aae706887797823,375987,5921,AMEX,Bank of America,US,False,2026-07-22T02:00:22+00:00
INST_000446,ACC_000279,credit_card,fp_card_3df69199737b161b,550000,8581,MASTERCARD,JPMorgan Chase,US,False,2026-07-09T19:29:14+00:00
INST_000447,ACC_000280,credit_card,fp_card_93a92219cb6502ab,644000,1534,DISCOVER,Wells Fargo,US,False,2026-06-16T01:33:21+00:00
INST_000448,ACC_000281,debit_card,fp_card_a9060c99701d53fc,644000,4245,DISCOVER,Truist,US,False,2026-07-22T16:44:09+00:00
INST_000449,ACC_000282,debit_card,fp_card_6ac800378e819e34,650000,6288,DISCOVER,Wells Fargo,US,False,2026-07-17T12:47:41+00:00
INST_000450,ACC_000283,credit_card,fp_card_131bf0137977614a,371449,5617,AMEX,Chime Neobank,US,False,2026-06-09T19:16:34+00:00
INST_000451,ACC_000283,credit_card,fp_card_90ad337b5749035f,550000,5832,MASTERCARD,Bank of America,US,False,2026-06-12T19:16:34+00:00
INST_000452,ACC_000284,debit_card,fp_card_0577b604fd706b65,510510,8115,MASTERCARD,TD Bank,US,False,2026-06-25T21:07:31+00:00
INST_000453,ACC_000285,debit_card,fp_card_1a9f39758b455c0f,650000,7966,DISCOVER,JPMorgan Chase,US,False,2026-07-19T11:11:34+00:00
INST_000454,ACC_000286,credit_card,fp_card_7a24dca764ee5a9c,453201,7565,VISA,Capital One,US,False,2026-06-22T10:25:10+00:00
INST_000455,ACC_000286,bank_account,fp_card_8bc357fe7d8fd183,491622,7805,VISA,TD Bank,US,False,2026-06-20T10:25:10+00:00
INST_000456,ACC_000287,debit_card,fp_card_96af248b208f3b68,340000,3355,AMEX,Bank of America,US,False,2026-07-17T18:10:30+00:00
INST_000457,ACC_000288,credit_card,fp_card_62c85623d27db185,402400,4233,VISA,Bank of America,US,False,2026-08-06T19:17:24+00:00
INST_000458,ACC_000288,credit_card,fp_card_743528256d277cff,601100,9594,DISCOVER,TD Bank,US,False,2026-08-04T19:17:24+00:00
INST_000459,ACC_000289,credit_card,fp_card_576087a3475fa8db,525500,2537,MASTERCARD,U.S. Bank,US,False,2026-08-16T00:05:12+00:00
INST_000460,ACC_000289,credit_card,fp_card_27a15f6b60625753,644000,3563,DISCOVER,TD Bank,US,False,2026-08-15T00:05:12+00:00
INST_000461,ACC_000289,bank_account,fp_card_d3d9f03810442ccb,402400,5498,VISA,PNC Bank,US,False,2026-08-13T00:05:12+00:00
INST_000462,ACC_000290,debit_card,fp_card_cd3d5307f12a20ec,340000,9694,AMEX,Chime Neobank,US,False,2026-07-17T15:54:41+00:00
INST_000463,ACC_000290,debit_card,fp_card_11690748dd978406,371449,8163,AMEX,Truist,US,False,2026-07-16T15:54:41+00:00
INST_000464,ACC_000291,debit_card,fp_card_9ea5216b0db8ef42,471600,8713,VISA,Truist,US,False,2026-07-09T07:31:24+00:00
INST_000465,ACC_000292,debit_card,fp_card_8cae3124d8940c10,426684,5485,VISA,Bank of America,US,False,2026-08-04T12:22:37+00:00
INST_000466,ACC_000293,credit_card,fp_card_888396bb1acc2c86,650000,6957,DISCOVER,TD Bank,US,False,2026-06-27T08:56:12+00:00
INST_000467,ACC_000294,credit_card,fp_card_821f212f1377a188,650000,1657,DISCOVER,Citibank,US,False,2026-06-22T16:00:05+00:00
INST_000468,ACC_000295,bank_account,fp_card_6be76014010bebb4,644000,2174,DISCOVER,Chime Neobank,US,False,2026-08-11T01:37:17+00:00
INST_000469,ACC_000295,credit_card,fp_card_1c40c641ee77e80f,525500,7047,MASTERCARD,TD Bank,US,False,2026-08-11T01:37:17+00:00
INST_000470,ACC_000296,credit_card,fp_card_dbb2f4be4aef4b20,378282,3930,AMEX,TD Bank,US,False,2026-08-17T09:23:53+00:00
INST_000471,ACC_000297,credit_card,fp_card_1bc902ee3b8edc02,426684,5947,VISA,JPMorgan Chase,US,False,2026-08-23T13:29:58+00:00
INST_000472,ACC_000297,credit_card,fp_card_f7791d618c5d5171,378282,8101,AMEX,Citibank,US,False,2026-08-24T13:29:58+00:00
INST_000473,ACC_000298,prepaid_card,fp_card_8a88987c0f6232ca,650000,4567,DISCOVER,Prepaid Financial Services,US,True,2026-06-25T06:56:02+00:00
INST_000474,ACC_000298,credit_card,fp_card_3fc43ad0e7620f9c,471600,6206,VISA,TD Bank,US,False,2026-06-24T06:56:02+00:00
INST_000475,ACC_000299,debit_card,fp_card_e92b11ca9c397288,371449,5011,AMEX,Bank of America,US,False,2026-07-01T22:41:50+00:00
INST_000476,ACC_000300,debit_card,fp_card_1331db69fea80c5c,371449,3106,AMEX,Capital One,US,False,2026-06-16T20:55:15+00:00
INST_000477,ACC_000301,debit_card,fp_card_d75f82430b0e8a82,471600,9587,VISA,Citibank,US,False,2026-06-10T18:53:04+00:00
INST_000478,ACC_000302,debit_card,fp_card_3af151a4ab62738e,601100,3984,DISCOVER,U.S. Bank,US,False,2026-08-04T18:38:07+00:00
INST_000479,ACC_000302,bank_account,fp_card_562c71d5908ddd43,650000,3672,DISCOVER,PNC Bank,US,False,2026-08-03T18:38:07+00:00
INST_000480,ACC_000303,credit_card,fp_card_844e8fcaf26f9198,371449,6017,AMEX,U.S. Bank,US,False,2026-06-18T04:16:12+00:00
INST_000481,ACC_000304,credit_card,fp_card_b35c96faaa985d9b,340000,9812,AMEX,Capital One,US,False,2026-07-01T02:25:49+00:00
INST_000482,ACC_000305,debit_card,fp_card_cc71eb0c0b1d5e58,375987,8393,AMEX,Wells Fargo,US,False,2026-08-03T02:11:53+00:00
INST_000483,ACC_000305,debit_card,fp_card_6209036b1d009163,535310,6567,MASTERCARD,PNC Bank,US,False,2026-07-31T02:11:53+00:00
INST_000484,ACC_000306,bank_account,fp_card_0570beaac587e5e0,601100,8320,DISCOVER,Citibank,US,False,2026-06-26T19:39:26+00:00
INST_000485,ACC_000306,credit_card,fp_card_b162e0e0d3f9d680,411111,3868,VISA,Chime Neobank,US,False,2026-06-28T19:39:26+00:00
INST_000486,ACC_000307,debit_card,fp_card_c12b0fbe808ed89d,402400,5079,VISA,JPMorgan Chase,US,False,2026-08-22T19:32:10+00:00
INST_000487,ACC_000308,credit_card,fp_card_f72f48d586543258,525500,2640,MASTERCARD,Citibank,US,False,2026-06-29T05:55:02+00:00
INST_000488,ACC_000309,credit_card,fp_card_8efc3be70b64bc21,510510,4721,MASTERCARD,Bank of America,US,False,2026-08-20T20:25:10+00:00
INST_000489,ACC_000310,bank_account,fp_card_1cd98def80bb317b,650000,6274,DISCOVER,Capital One,US,False,2026-08-14T10:11:58+00:00
INST_000490,ACC_000311,debit_card,fp_card_7d143f08f202919b,601100,2153,DISCOVER,U.S. Bank,US,False,2026-07-05T07:03:32+00:00
INST_000491,ACC_000311,bank_account,fp_card_cde93fba4046b4c9,650000,2848,DISCOVER,PNC Bank,US,False,2026-07-01T07:03:32+00:00
INST_000492,ACC_000312,credit_card,fp_card_af57304360d3dedc,426684,7752,VISA,Truist,US,False,2026-07-27T03:59:25+00:00
INST_000493,ACC_000313,credit_card,fp_card_87cf15874abe0550,650000,6521,DISCOVER,U.S. Bank,US,False,2026-08-24T16:34:13+00:00
INST_000494,ACC_000314,bank_account,fp_card_53f7362e861b5245,371449,9819,AMEX,Bank of America,US,False,2026-07-31T09:36:37+00:00
INST_000495,ACC_000315,debit_card,fp_card_39e6b7bba491f2a9,411111,2042,VISA,Wells Fargo,US,False,2026-07-26T19:51:50+00:00
INST_000496,ACC_000316,credit_card,fp_card_45e71dda37d326fb,471600,7113,VISA,JPMorgan Chase,US,False,2026-06-28T19:01:19+00:00
INST_000497,ACC_000316,bank_account,fp_card_db8fc93e69120f6f,411111,6355,VISA,JPMorgan Chase,US,False,2026-06-28T19:01:19+00:00
INST_000498,ACC_000317,credit_card,fp_card_ba9370740e7d08b6,644000,2618,DISCOVER,Bank of America,US,False,2026-07-13T15:27:03+00:00
INST_000499,ACC_000317,debit_card,fp_card_367e1c6cc24862f4,644000,4292,DISCOVER,Wells Fargo,US,False,2026-07-15T15:27:03+00:00
INST_000500,ACC_000318,debit_card,fp_card_be265d6f72a1357b,402400,2616,VISA,Wells Fargo,US,False,2026-06-09T02:00:05+00:00
INST_000501,ACC_000318,bank_account,fp_card_4547c89215f35fff,378282,4335,AMEX,Chime Neobank,US,False,2026-06-09T02:00:05+00:00
INST_000502,ACC_000319,debit_card,fp_card_c04447be60938123,378282,7479,AMEX,Truist,US,False,2026-06-27T13:36:55+00:00
INST_000503,ACC_000319,credit_card,fp_card_48e1d050bb62a6ce,510510,2874,MASTERCARD,Truist,US,False,2026-06-29T13:36:55+00:00
INST_000504,ACC_000319,credit_card,fp_card_63043c1e590eea15,371449,5202,AMEX,PNC Bank,US,False,2026-06-28T13:36:55+00:00
INST_000505,ACC_000320,debit_card,fp_card_97082c4dab674bf1,601100,8217,DISCOVER,Citibank,US,False,2026-08-04T20:36:53+00:00
INST_000506,ACC_000321,prepaid_card,fp_card_e4154f8d062dec30,601100,8441,DISCOVER,MetaBank,US,True,2026-07-18T18:09:29+00:00
INST_000507,ACC_000322,debit_card,fp_card_88988a62e0cffd82,644000,4240,DISCOVER,U.S. Bank,US,False,2026-08-03T13:05:57+00:00
INST_000508,ACC_000322,debit_card,fp_card_4dd6c563bcfe59c0,550000,6180,MASTERCARD,Chime Neobank,US,False,2026-08-07T13:05:57+00:00
INST_000509,ACC_000323,debit_card,fp_card_c22974ef778f1ca1,453201,6633,VISA,Bank of America,US,False,2026-08-14T20:50:48+00:00
INST_000510,ACC_000324,prepaid_card,fp_card_1abaf835ed81b817,426684,8505,VISA,MetaBank,US,True,2026-07-06T23:00:53+00:00
INST_000511,ACC_000325,credit_card,fp_card_a38547b2dc88264b,411111,1220,VISA,U.S. Bank,US,False,2026-06-30T10:25:27+00:00
INST_000512,ACC_000326,credit_card,fp_card_fd540039d1e83a4f,340000,4944,AMEX,Capital One,US,False,2026-08-26T18:17:59+00:00
INST_000513,ACC_000327,prepaid_card,fp_card_936a395deaa39786,550000,6991,MASTERCARD,The Bancorp Bank,US,True,2026-07-19T15:23:59+00:00
INST_000514,ACC_000328,debit_card,fp_card_e453321dffc79162,411111,8324,VISA,Citibank,US,False,2026-07-05T08:56:59+00:00
INST_000515,ACC_000329,credit_card,fp_card_56451d9a440da15e,371449,7160,AMEX,JPMorgan Chase,US,False,2026-07-04T00:03:54+00:00
INST_000516,ACC_000329,credit_card,fp_card_dfa083fee3cb2154,542418,1414,MASTERCARD,PNC Bank,US,False,2026-07-01T00:03:54+00:00
INST_000517,ACC_000330,credit_card,fp_card_984a3afa6615bd58,644000,3539,DISCOVER,Bank of America,US,False,2026-06-12T10:16:02+00:00
INST_000518,ACC_000331,debit_card,fp_card_67a7da3dc82b5f6e,340000,9370,AMEX,Citibank,US,False,2026-06-02T04:39:58+00:00
INST_000519,ACC_000331,debit_card,fp_card_9dc01212d2f8f27f,371449,6358,AMEX,PNC Bank,US,False,2026-06-02T04:39:58+00:00
INST_000520,ACC_000331,credit_card,fp_card_1cc1115181d5fe57,601100,8299,DISCOVER,TD Bank,US,False,2026-06-02T04:39:58+00:00
INST_000521,ACC_000332,debit_card,fp_card_dbfe33e6f5171a84,491622,2757,VISA,JPMorgan Chase,US,False,2026-08-09T09:35:12+00:00
INST_000522,ACC_000332,debit_card,fp_card_d1cc090dcf0920a2,378282,5971,AMEX,Chime Neobank,US,False,2026-08-08T09:35:12+00:00
INST_000523,ACC_000333,debit_card,fp_card_2b50d55febc2b829,471600,3511,VISA,PNC Bank,US,False,2026-08-18T11:16:14+00:00
INST_000524,ACC_000334,debit_card,fp_card_88a2d0c57e3b1b6c,340000,9859,AMEX,U.S. Bank,US,False,2026-08-18T04:15:41+00:00
INST_000525,ACC_000335,credit_card,fp_card_4da0c6dfae453654,340000,9985,AMEX,TD Bank,US,False,2026-07-18T04:18:30+00:00
INST_000526,ACC_000335,debit_card,fp_card_33d1f5692112c74a,535310,6752,MASTERCARD,Bank of America,US,False,2026-07-21T04:18:30+00:00
INST_000527,ACC_000336,debit_card,fp_card_a25e3efa78f9cd37,375987,1447,AMEX,Truist,US,False,2026-08-08T10:27:29+00:00
INST_000528,ACC_000337,debit_card,fp_card_e7adf6d570c67856,644000,1798,DISCOVER,Bank of America,US,False,2026-06-25T12:36:37+00:00
INST_000529,ACC_000338,credit_card,fp_card_029ef5c8fdd64f00,375987,7575,AMEX,Citibank,US,False,2026-08-12T06:42:43+00:00
INST_000530,ACC_000339,debit_card,fp_card_8d60a5aab2ab137f,542418,7402,MASTERCARD,Citibank,US,False,2026-06-23T11:42:35+00:00
INST_000531,ACC_000339,debit_card,fp_card_52b87b2708361d21,644000,9348,DISCOVER,Wells Fargo,US,False,2026-06-24T11:42:35+00:00
INST_000532,ACC_000340,credit_card,fp_card_edd8207aaba43cc6,535310,3281,MASTERCARD,Capital One,US,False,2026-06-30T13:17:42+00:00
INST_000533,ACC_000341,credit_card,fp_card_b92117872ddbf653,644000,2770,DISCOVER,PNC Bank,US,False,2026-08-20T10:41:39+00:00
INST_000534,ACC_000342,credit_card,fp_card_1d47744e7342cb16,644000,8276,DISCOVER,PNC Bank,US,False,2026-07-28T16:29:15+00:00
INST_000535,ACC_000343,debit_card,fp_card_551594eaa43ea79c,510510,7249,MASTERCARD,Citibank,US,False,2026-07-14T16:18:45+00:00
INST_000536,ACC_000344,bank_account,fp_card_c63475ec11c63b9e,426684,3814,VISA,TD Bank,US,False,2026-06-07T01:00:42+00:00
INST_000537,ACC_000345,debit_card,fp_card_a3ada5a0d449727d,378282,7756,AMEX,Capital One,US,False,2026-07-21T22:53:11+00:00
INST_000538,ACC_000346,credit_card,fp_card_ddba274e143c140e,542418,9302,MASTERCARD,Bank of America,US,False,2026-06-11T08:00:38+00:00
INST_000539,ACC_000346,credit_card,fp_card_b3ba8386daaeedec,378282,1404,AMEX,TD Bank,US,False,2026-06-14T08:00:38+00:00
INST_000540,ACC_000347,debit_card,fp_card_1da208028289b582,550000,3713,MASTERCARD,Truist,US,False,2026-07-24T18:33:11+00:00
INST_000541,ACC_000348,debit_card,fp_card_d84b33ddbf2c85f7,535310,3701,MASTERCARD,Chime Neobank,US,False,2026-07-17T10:34:32+00:00
INST_000542,ACC_000349,credit_card,fp_card_abfaf3b1c43f6fc6,491622,5660,VISA,Truist,US,False,2026-07-01T13:48:37+00:00
INST_000543,ACC_000350,credit_card,fp_card_77b4a31b5bd35bfb,371449,8753,AMEX,U.S. Bank,US,False,2026-06-12T05:08:21+00:00
INST_000544,ACC_000351,debit_card,fp_card_a26748615beb8b3d,340000,6524,AMEX,Truist,US,False,2026-07-14T20:53:11+00:00
INST_000545,ACC_000351,debit_card,fp_card_6008e7ed697647d3,525500,3421,MASTERCARD,TD Bank,US,False,2026-07-13T20:53:11+00:00
INST_000546,ACC_000352,debit_card,fp_card_c4b2bae8817b6bae,453201,4496,VISA,TD Bank,US,False,2026-07-10T01:01:51+00:00
INST_000547,ACC_000352,credit_card,fp_card_68c02063c0178104,550000,6383,MASTERCARD,Citibank,US,False,2026-07-08T01:01:51+00:00
INST_000548,ACC_000353,credit_card,fp_card_49262adc68ac03e3,378282,7103,AMEX,PNC Bank,US,False,2026-08-15T02:20:50+00:00
INST_000549,ACC_000354,prepaid_card,fp_card_87612df5432d0633,375987,2218,AMEX,MetaBank,US,True,2026-07-23T15:29:26+00:00
INST_000550,ACC_000354,credit_card,fp_card_8228774920752810,375987,1372,AMEX,Capital One,US,False,2026-07-23T15:29:26+00:00
INST_000551,ACC_000355,credit_card,fp_card_2828354f354182f9,471600,1275,VISA,Wells Fargo,US,False,2026-06-10T20:55:44+00:00
INST_000552,ACC_000356,credit_card,fp_card_94ae3b6345f02d18,525500,1658,MASTERCARD,Citibank,US,False,2026-08-06T10:44:10+00:00
INST_000553,ACC_000357,debit_card,fp_card_fdb4b5daddf410d6,650000,5967,DISCOVER,Truist,US,False,2026-08-11T03:43:19+00:00
INST_000554,ACC_000358,debit_card,fp_card_c5ded633cc9858f2,402400,1320,VISA,TD Bank,US,False,2026-06-30T23:00:10+00:00
INST_000555,ACC_000359,credit_card,fp_card_864952ba5f85999a,525500,7076,MASTERCARD,Capital One,US,False,2026-06-26T22:58:42+00:00
INST_000556,ACC_000360,credit_card,fp_card_d9ad2c04354d3f8a,510510,2931,MASTERCARD,Citibank,US,False,2026-06-22T04:39:41+00:00
INST_000557,ACC_000361,debit_card,fp_card_536b6180044c454a,491622,3945,VISA,Citibank,US,False,2026-06-09T08:06:10+00:00
INST_000558,ACC_000362,debit_card,fp_card_1d3f925e82ecf01e,411111,6283,VISA,Chime Neobank,US,False,2026-07-22T13:57:52+00:00
INST_000559,ACC_000363,credit_card,fp_card_aefa147fdb91509d,650000,3014,DISCOVER,Wells Fargo,US,False,2026-07-16T00:33:23+00:00
INST_000560,ACC_000363,debit_card,fp_card_85a2aa0b0e65f366,542418,7054,MASTERCARD,U.S. Bank,US,False,2026-07-19T00:33:23+00:00
INST_000561,ACC_000364,credit_card,fp_card_ab19ad582ff03eba,375987,5875,AMEX,Citibank,US,False,2026-07-07T05:00:31+00:00
INST_000562,ACC_000365,credit_card,fp_card_4a406b548a0c4341,510510,2475,MASTERCARD,Chime Neobank,US,False,2026-07-24T11:47:03+00:00
INST_000563,ACC_000365,debit_card,fp_card_b01aa778be0c326b,491622,1791,VISA,Citibank,US,False,2026-07-26T11:47:03+00:00
INST_000564,ACC_000366,debit_card,fp_card_c436d707d2f36414,471600,7807,VISA,Chime Neobank,US,False,2026-07-05T23:38:51+00:00
INST_000565,ACC_000366,debit_card,fp_card_675c14233e66e552,340000,3194,AMEX,Bank of America,US,False,2026-07-04T23:38:51+00:00
INST_000566,ACC_000367,debit_card,fp_card_5e7112edcf2b6f95,411111,3110,VISA,JPMorgan Chase,US,False,2026-07-21T13:12:54+00:00
INST_000567,ACC_000368,credit_card,fp_card_084427b07aa36cad,644000,7893,DISCOVER,Chime Neobank,US,False,2026-06-02T06:04:09+00:00
INST_000568,ACC_000369,credit_card,fp_card_646bd01bc3f89cd4,402400,8113,VISA,TD Bank,US,False,2026-08-06T15:03:05+00:00
INST_000569,ACC_000370,debit_card,fp_card_25c16b7d134d8661,411111,7147,VISA,Chime Neobank,US,False,2026-07-27T19:00:56+00:00
INST_000570,ACC_000371,credit_card,fp_card_6842b049d9792bfe,542418,1318,MASTERCARD,Bank of America,US,False,2026-06-02T03:11:18+00:00
INST_000571,ACC_000371,debit_card,fp_card_2e81fd3b4a7c7d67,650000,1781,DISCOVER,Chime Neobank,US,False,2026-06-04T03:11:18+00:00
INST_000572,ACC_000372,debit_card,fp_card_c4d26f95665f17ca,378282,3307,AMEX,Capital One,US,False,2026-07-15T21:53:04+00:00
INST_000573,ACC_000373,credit_card,fp_card_a03c85a517051781,371449,2412,AMEX,U.S. Bank,US,False,2026-06-24T09:48:11+00:00
INST_000574,ACC_000374,credit_card,fp_card_b848473aa9b4e464,525500,9912,MASTERCARD,PNC Bank,US,False,2026-07-25T05:50:37+00:00
INST_000575,ACC_000374,debit_card,fp_card_4400270daf92739d,510510,8405,MASTERCARD,Bank of America,US,False,2026-07-27T05:50:37+00:00
INST_000576,ACC_000375,debit_card,fp_card_af15b7e8cef41630,650000,6437,DISCOVER,Chime Neobank,US,False,2026-07-23T03:58:39+00:00
INST_000577,ACC_000375,credit_card,fp_card_01e47f6a9d0f4fd7,402400,5580,VISA,Wells Fargo,US,False,2026-07-26T03:58:39+00:00
INST_000578,ACC_000376,debit_card,fp_card_781546f95c5cbcfd,402400,9265,VISA,PNC Bank,US,False,2026-07-18T10:10:38+00:00
INST_000579,ACC_000377,credit_card,fp_card_72a0f44997cabdcb,535310,9630,MASTERCARD,U.S. Bank,US,False,2026-07-04T20:33:08+00:00
INST_000580,ACC_000378,credit_card,fp_card_7f8211e1a0628b5d,375987,7321,AMEX,Truist,US,False,2026-08-20T19:13:38+00:00
INST_000581,ACC_000379,credit_card,fp_card_7cbdd4e16d39a157,650000,4950,DISCOVER,PNC Bank,US,False,2026-07-19T13:48:27+00:00
INST_000582,ACC_000380,debit_card,fp_card_c679ae04ac8c5873,601100,3647,DISCOVER,Capital One,US,False,2026-06-27T10:58:45+00:00
INST_000583,ACC_000381,debit_card,fp_card_c0a51af7ced26ab7,510510,5556,MASTERCARD,Citibank,US,False,2026-08-06T22:39:33+00:00
INST_000584,ACC_000381,bank_account,fp_card_20a46f7eeaf25473,491622,6254,VISA,Bank of America,US,False,2026-08-11T22:39:33+00:00
INST_000585,ACC_000382,debit_card,fp_card_1a1006e354ba8a44,510510,2886,MASTERCARD,Bank of America,US,False,2026-07-31T14:22:02+00:00
INST_000586,ACC_000382,credit_card,fp_card_2cdc1fb903ff0a2f,601100,3121,DISCOVER,JPMorgan Chase,US,False,2026-07-31T14:22:02+00:00
INST_000587,ACC_000383,credit_card,fp_card_40382e2066c8f059,550000,2943,MASTERCARD,Citibank,US,False,2026-08-15T07:06:24+00:00
INST_000588,ACC_000384,debit_card,fp_card_8350b6d02d5f3d78,402400,1960,VISA,Chime Neobank,US,False,2026-08-23T23:58:14+00:00
INST_000589,ACC_000385,credit_card,fp_card_559fbea4d596578a,426684,1996,VISA,Citibank,US,False,2026-06-13T05:40:12+00:00
INST_000590,ACC_000386,credit_card,fp_card_3ade516fb9a2bc31,426684,2049,VISA,Wells Fargo,US,False,2026-08-17T12:38:53+00:00
INST_000591,ACC_000386,debit_card,fp_card_64ee91ff05592d89,411111,1943,VISA,PNC Bank,US,False,2026-08-19T12:38:53+00:00
INST_000592,ACC_000387,debit_card,fp_card_0817f4a7ff3acd71,510510,4254,MASTERCARD,Truist,US,False,2026-06-19T05:04:12+00:00
INST_000593,ACC_000387,debit_card,fp_card_08f42c21f496ae1c,644000,5794,DISCOVER,PNC Bank,US,False,2026-06-19T05:04:12+00:00
INST_000594,ACC_000388,credit_card,fp_card_9b1813ba949956a1,402400,7051,VISA,Chime Neobank,US,False,2026-07-25T23:34:24+00:00
INST_000595,ACC_000389,debit_card,fp_card_f5fc73e05b6dec71,644000,5430,DISCOVER,Chime Neobank,US,False,2026-07-16T13:13:00+00:00
INST_000596,ACC_000389,debit_card,fp_card_ce2549cb219991e5,550000,7424,MASTERCARD,Truist,US,False,2026-07-19T13:13:00+00:00
INST_000597,ACC_000390,credit_card,fp_card_b7bb5eb5a3b88207,491622,7908,VISA,Capital One,US,False,2026-07-25T05:04:33+00:00
INST_000598,ACC_000390,debit_card,fp_card_6b60f2a825a6e9c5,644000,5073,DISCOVER,Chime Neobank,US,False,2026-07-26T05:04:33+00:00
INST_000599,ACC_000391,prepaid_card,fp_card_60ec90cb779b834a,542418,3674,MASTERCARD,The Bancorp Bank,US,True,2026-06-12T20:18:12+00:00
INST_000600,ACC_000392,credit_card,fp_card_3a96260e487363f8,542418,9818,MASTERCARD,TD Bank,US,False,2026-08-10T04:09:41+00:00
INST_000601,ACC_000392,debit_card,fp_card_1a626d579cc53150,453201,8564,VISA,Wells Fargo,US,False,2026-08-10T04:09:41+00:00
INST_000602,ACC_000392,credit_card,fp_card_ffa7d912990d3ae4,650000,7778,DISCOVER,Bank of America,US,False,2026-08-06T04:09:41+00:00
INST_000603,ACC_000393,credit_card,fp_card_c805cf0e5afa3702,340000,7101,AMEX,PNC Bank,US,False,2026-08-13T04:49:24+00:00
INST_000604,ACC_000394,bank_account,fp_card_5ff0d08a561f9c36,453201,3143,VISA,U.S. Bank,US,False,2026-06-16T05:05:22+00:00
INST_000605,ACC_000394,credit_card,fp_card_1dfcb6d4731eae9b,601100,4019,DISCOVER,U.S. Bank,US,False,2026-06-18T05:05:22+00:00
INST_000606,ACC_000395,prepaid_card,fp_card_ac64b293697b159a,375987,1982,AMEX,Prepaid Financial Services,US,True,2026-07-03T15:47:18+00:00
INST_000607,ACC_000396,credit_card,fp_card_27fdda237fe14092,535310,6313,MASTERCARD,U.S. Bank,US,False,2026-08-27T14:51:16+00:00
INST_000608,ACC_000397,debit_card,fp_card_b48dd3eec1778db7,453201,6658,VISA,Capital One,US,False,2026-06-23T18:48:59+00:00
INST_000609,ACC_000398,bank_account,fp_card_985019fcd8df8e6d,644000,5139,DISCOVER,Wells Fargo,US,False,2026-07-03T05:12:23+00:00
INST_000610,ACC_000398,bank_account,fp_card_9faae6250275c3a4,535310,8365,MASTERCARD,Citibank,US,False,2026-07-03T05:12:23+00:00
INST_000611,ACC_000399,credit_card,fp_card_6052e32d7e5266a2,371449,7105,AMEX,Bank of America,US,False,2026-07-06T23:18:17+00:00
INST_000612,ACC_000400,debit_card,fp_card_922aaaf990d974d9,601100,7363,DISCOVER,JPMorgan Chase,US,False,2026-07-29T22:15:04+00:00
INST_000613,ACC_000401,debit_card,fp_card_6046f896f604f0a0,510510,2582,MASTERCARD,TD Bank,US,False,2026-08-24T11:46:59+00:00
INST_000614,ACC_000401,credit_card,fp_card_f30411e14b5b140c,601100,8139,DISCOVER,Wells Fargo,US,False,2026-08-21T11:46:59+00:00
INST_000615,ACC_000402,debit_card,fp_card_b75de863c791bfe3,411111,8954,VISA,TD Bank,US,False,2026-06-20T00:17:58+00:00
INST_000616,ACC_000402,credit_card,fp_card_ebfb3a3473d22f40,375987,4938,AMEX,PNC Bank,US,False,2026-06-25T00:17:58+00:00
INST_000617,ACC_000403,credit_card,fp_card_0e191df3401582c6,491622,6116,VISA,U.S. Bank,US,False,2026-07-09T17:12:57+00:00
INST_000618,ACC_000403,debit_card,fp_card_9e05a580c0650481,535310,9550,MASTERCARD,Chime Neobank,US,False,2026-07-05T17:12:57+00:00
INST_000619,ACC_000403,debit_card,fp_card_59d79a425c221c4c,650000,3154,DISCOVER,Capital One,US,False,2026-07-05T17:12:57+00:00
INST_000620,ACC_000404,debit_card,fp_card_126fe0ba9939b009,601100,9850,DISCOVER,U.S. Bank,US,False,2026-08-10T04:28:24+00:00
INST_000621,ACC_000404,credit_card,fp_card_055a6a1afa63273a,378282,7446,AMEX,Chime Neobank,US,False,2026-08-11T04:28:24+00:00
INST_000622,ACC_000405,credit_card,fp_card_21f1b7d5def0d62f,471600,3902,VISA,Bank of America,US,False,2026-07-03T09:32:22+00:00
INST_000623,ACC_000406,credit_card,fp_card_c11c203071df584d,650000,4542,DISCOVER,JPMorgan Chase,US,False,2026-08-20T11:53:07+00:00
INST_000624,ACC_000406,credit_card,fp_card_7d1347000e8dcb4e,411111,5545,VISA,JPMorgan Chase,US,False,2026-08-24T11:53:07+00:00
INST_000625,ACC_000407,debit_card,fp_card_c134664c97cd5c1e,371449,1336,AMEX,Truist,US,False,2026-06-27T00:17:37+00:00
INST_000626,ACC_000408,debit_card,fp_card_eb19df225dda2e07,650000,4048,DISCOVER,Chime Neobank,US,False,2026-06-12T01:57:17+00:00
INST_000627,ACC_000408,debit_card,fp_card_2aa586781115d296,371449,7475,AMEX,Citibank,US,False,2026-06-11T01:57:17+00:00
INST_000628,ACC_000408,credit_card,fp_card_0fcab5db3b238d7d,471600,3317,VISA,U.S. Bank,US,False,2026-06-09T01:57:17+00:00
INST_000629,ACC_000409,credit_card,fp_card_e486f3da8e4b9e61,601100,9774,DISCOVER,TD Bank,US,False,2026-08-15T17:05:38+00:00
INST_000630,ACC_000410,credit_card,fp_card_8dd1abe0522639b4,510510,3073,MASTERCARD,JPMorgan Chase,US,False,2026-07-23T14:29:44+00:00
INST_000631,ACC_000410,credit_card,fp_card_bba5d48cd4ebabcb,510510,5538,MASTERCARD,Wells Fargo,US,False,2026-07-26T14:29:44+00:00
INST_000632,ACC_000411,bank_account,fp_card_eb686a4ccdf4a5a4,510510,1477,MASTERCARD,TD Bank,US,False,2026-06-19T05:15:08+00:00
INST_000633,ACC_000412,debit_card,fp_card_63dbcf855ed1356e,378282,8224,AMEX,PNC Bank,US,False,2026-07-08T16:50:18+00:00
INST_000634,ACC_000413,bank_account,fp_card_0f20ed37b07997f7,378282,6974,AMEX,Citibank,US,False,2026-08-08T13:15:10+00:00
INST_000635,ACC_000413,credit_card,fp_card_d57896490909c349,471600,4946,VISA,U.S. Bank,US,False,2026-08-08T13:15:10+00:00
INST_000636,ACC_000413,debit_card,fp_card_840df24da9dd591b,650000,1458,DISCOVER,Capital One,US,False,2026-08-11T13:15:10+00:00
INST_000637,ACC_000414,credit_card,fp_card_967c19bd6c43fd04,510510,4924,MASTERCARD,Capital One,US,False,2026-08-01T12:48:09+00:00
INST_000638,ACC_000415,credit_card,fp_card_c9741c9218cfbd39,340000,3562,AMEX,Capital One,US,False,2026-07-25T08:40:41+00:00
INST_000639,ACC_000415,debit_card,fp_card_73174b41be3a88a2,644000,8547,DISCOVER,Truist,US,False,2026-07-22T08:40:41+00:00
INST_000640,ACC_000416,bank_account,fp_card_b25333b9bcd4e9c6,535310,8940,MASTERCARD,U.S. Bank,US,False,2026-08-12T14:04:03+00:00
INST_000641,ACC_000417,credit_card,fp_card_111abe7a39b619ed,525500,3502,MASTERCARD,Wells Fargo,US,False,2026-08-16T13:35:06+00:00
INST_000642,ACC_000418,credit_card,fp_card_7c2c2542feb56b71,375987,4755,AMEX,Truist,US,False,2026-06-30T02:35:53+00:00
INST_000643,ACC_000419,debit_card,fp_card_49aacce9766b0a7b,644000,7611,DISCOVER,Chime Neobank,US,False,2026-06-19T20:51:20+00:00
INST_000644,ACC_000419,debit_card,fp_card_136fd8303833fac7,491622,9572,VISA,Bank of America,US,False,2026-06-17T20:51:20+00:00
INST_000645,ACC_000419,credit_card,fp_card_8f61b8d4b8f4074f,601100,2309,DISCOVER,Wells Fargo,US,False,2026-06-17T20:51:20+00:00
INST_000646,ACC_000420,credit_card,fp_card_6a3b4a442c57c96d,550000,8231,MASTERCARD,Chime Neobank,US,False,2026-07-09T22:38:44+00:00
INST_000647,ACC_000421,credit_card,fp_card_6f332d82de65f28a,644000,5007,DISCOVER,Citibank,US,False,2026-08-02T07:59:26+00:00
INST_000648,ACC_000421,debit_card,fp_card_da9de60b1d170502,375987,5670,AMEX,Capital One,US,False,2026-08-04T07:59:26+00:00
INST_000649,ACC_000422,debit_card,fp_card_1004de78095a84d8,402400,1166,VISA,Capital One,US,False,2026-06-04T17:01:00+00:00
INST_000650,ACC_000423,bank_account,fp_card_21f06478bb43efd7,375987,5796,AMEX,PNC Bank,US,False,2026-07-23T03:02:39+00:00
INST_000651,ACC_000424,debit_card,fp_card_3712debd493632b5,402400,1266,VISA,PNC Bank,US,False,2026-07-08T10:43:52+00:00
INST_000652,ACC_000424,debit_card,fp_card_281755f85fe9320c,525500,1163,MASTERCARD,Citibank,US,False,2026-07-07T10:43:52+00:00
INST_000653,ACC_000424,credit_card,fp_card_8ed7c4abc024c015,650000,2109,DISCOVER,Bank of America,US,False,2026-07-10T10:43:52+00:00
INST_000654,ACC_000425,credit_card,fp_card_56a2b4237a42ada5,650000,9953,DISCOVER,Bank of America,US,False,2026-08-21T03:05:52+00:00
INST_000655,ACC_000426,credit_card,fp_card_c92b85de79e85b44,411111,9698,VISA,TD Bank,US,False,2026-07-18T17:42:21+00:00
INST_000656,ACC_000427,debit_card,fp_card_e45111d7eb9fb7ea,378282,5439,AMEX,Wells Fargo,US,False,2026-08-09T17:18:23+00:00
INST_000657,ACC_000427,credit_card,fp_card_3028e5daa3396096,644000,6723,DISCOVER,U.S. Bank,US,False,2026-08-07T17:18:23+00:00
INST_000658,ACC_000428,debit_card,fp_card_135e0c5053f58d2f,601100,5860,DISCOVER,Wells Fargo,US,False,2026-07-14T08:33:50+00:00
INST_000659,ACC_000428,credit_card,fp_card_2e6eafd9e9409737,426684,5246,VISA,JPMorgan Chase,US,False,2026-07-12T08:33:50+00:00
INST_000660,ACC_000429,debit_card,fp_card_b5177ba035e57144,644000,9592,DISCOVER,U.S. Bank,US,False,2026-07-24T15:50:43+00:00
INST_000661,ACC_000430,credit_card,fp_card_d634b5c1b232380e,510510,1063,MASTERCARD,JPMorgan Chase,US,False,2026-06-04T10:22:33+00:00
INST_000662,ACC_000431,debit_card,fp_card_5bb91fc60cb45b94,453201,8901,VISA,Bank of America,US,False,2026-08-25T22:39:35+00:00
INST_000663,ACC_000431,debit_card,fp_card_5338c3f43f0fec04,371449,1102,AMEX,TD Bank,US,False,2026-08-23T22:39:35+00:00
INST_000664,ACC_000432,credit_card,fp_card_e1c62c889b2b58e6,650000,9159,DISCOVER,U.S. Bank,US,False,2026-07-16T17:02:45+00:00
INST_000665,ACC_000433,credit_card,fp_card_366533789f776129,535310,8761,MASTERCARD,Bank of America,US,False,2026-08-21T10:20:40+00:00
INST_000666,ACC_000433,debit_card,fp_card_6ebb0ac4c50ac557,510510,3447,MASTERCARD,Truist,US,False,2026-08-22T10:20:40+00:00
INST_000667,ACC_000434,credit_card,fp_card_b8b96e4557560a8f,542418,7970,MASTERCARD,Wells Fargo,US,False,2026-06-06T16:49:00+00:00
INST_000668,ACC_000435,bank_account,fp_card_fd4d294636268f15,411111,5081,VISA,Wells Fargo,US,False,2026-07-25T09:11:23+00:00
INST_000669,ACC_000435,bank_account,fp_card_668bed438ca2fe01,601100,3345,DISCOVER,Truist,US,False,2026-07-21T09:11:23+00:00
INST_000670,ACC_000436,bank_account,fp_card_ce4f53c8ad65b0fa,453201,2951,VISA,Capital One,US,False,2026-07-15T14:08:54+00:00
INST_000671,ACC_000436,debit_card,fp_card_4e1413aaba4d5929,601100,5259,DISCOVER,Chime Neobank,US,False,2026-07-17T14:08:54+00:00
INST_000672,ACC_000437,debit_card,fp_card_d370d0788986d5b1,411111,9386,VISA,Bank of America,US,False,2026-06-09T13:51:23+00:00
INST_000673,ACC_000438,credit_card,fp_card_e6bf6f759e8d460e,340000,3788,AMEX,PNC Bank,US,False,2026-07-20T01:45:36+00:00
INST_000674,ACC_000439,debit_card,fp_card_5e3697c7c2320634,411111,5026,VISA,Truist,US,False,2026-06-22T12:16:21+00:00
INST_000675,ACC_000440,credit_card,fp_card_ad8c6c54d1468267,601100,2991,DISCOVER,Citibank,US,False,2026-08-16T03:14:44+00:00
INST_000676,ACC_000440,debit_card,fp_card_63096f233bf81149,402400,9726,VISA,Chime Neobank,US,False,2026-08-15T03:14:44+00:00
INST_000677,ACC_000441,debit_card,fp_card_de380f613fb1e9ca,426684,5782,VISA,Citibank,US,False,2026-07-27T16:21:04+00:00
INST_000678,ACC_000441,credit_card,fp_card_bb851a686927f6df,650000,4922,DISCOVER,Chime Neobank,US,False,2026-07-26T16:21:04+00:00
INST_000679,ACC_000441,credit_card,fp_card_6dada10ab9257cee,411111,7223,VISA,PNC Bank,US,False,2026-07-26T16:21:04+00:00
INST_000680,ACC_000442,bank_account,fp_card_fa4e4c1a0f6d619e,340000,5433,AMEX,TD Bank,US,False,2026-06-17T20:11:26+00:00
INST_000681,ACC_000443,bank_account,fp_card_79a93794f962774d,411111,7287,VISA,Capital One,US,False,2026-07-07T12:58:07+00:00
INST_000682,ACC_000444,debit_card,fp_card_311c452d29325283,378282,4524,AMEX,U.S. Bank,US,False,2026-08-02T20:13:47+00:00
INST_000683,ACC_000445,debit_card,fp_card_2732f0cf62e2bef1,411111,4152,VISA,TD Bank,US,False,2026-08-24T05:57:36+00:00
INST_000684,ACC_000446,debit_card,fp_card_9ba7236f5c70bb2e,650000,3335,DISCOVER,JPMorgan Chase,US,False,2026-06-08T04:29:32+00:00
INST_000685,ACC_000446,debit_card,fp_card_e976f0f5e2be36b9,340000,7676,AMEX,Truist,US,False,2026-06-10T04:29:32+00:00
INST_000686,ACC_000447,debit_card,fp_card_8286bfa7efe52ff6,601100,3153,DISCOVER,Chime Neobank,US,False,2026-07-14T16:58:12+00:00
INST_000687,ACC_000448,bank_account,fp_card_db430ea2b18fff3a,644000,3094,DISCOVER,U.S. Bank,US,False,2026-06-28T19:25:16+00:00
INST_000688,ACC_000448,prepaid_card,fp_card_c09b8efb691e5f6c,375987,5430,AMEX,Green Dot Bank,US,True,2026-06-29T19:25:16+00:00
INST_000689,ACC_000449,credit_card,fp_card_79281890e342b7bd,491622,2512,VISA,Wells Fargo,US,False,2026-06-27T19:41:19+00:00
INST_000690,ACC_000450,debit_card,fp_card_b198acc8b25e4d94,340000,6402,AMEX,Chime Neobank,US,False,2026-07-30T17:36:10+00:00
INST_000691,ACC_000451,credit_card,fp_card_82b54b7f031bd3ee,550000,4725,MASTERCARD,U.S. Bank,US,False,2026-06-23T02:26:39+00:00
INST_000692,ACC_000452,bank_account,fp_card_deccffeeb5de3541,525500,7999,MASTERCARD,Bank of America,US,False,2026-06-03T13:52:58+00:00
INST_000693,ACC_000453,credit_card,fp_card_ec101705a627ee9b,375987,2361,AMEX,PNC Bank,US,False,2026-07-07T16:02:01+00:00
INST_000694,ACC_000454,debit_card,fp_card_811cf54e529cf362,650000,3385,DISCOVER,U.S. Bank,US,False,2026-07-01T23:47:32+00:00
INST_000695,ACC_000455,credit_card,fp_card_be9e1b6c617f2cc1,340000,4212,AMEX,Capital One,US,False,2026-08-17T07:19:45+00:00
INST_000696,ACC_000455,credit_card,fp_card_6ec62e29000b38ae,525500,1480,MASTERCARD,PNC Bank,US,False,2026-08-21T07:19:45+00:00
INST_000697,ACC_000455,credit_card,fp_card_b74d6463842ea35c,601100,4927,DISCOVER,Bank of America,US,False,2026-08-20T07:19:45+00:00
INST_000698,ACC_000456,credit_card,fp_card_9c46fd4f8b7d4280,402400,8168,VISA,U.S. Bank,US,False,2026-06-04T10:40:19+00:00
INST_000699,ACC_000457,credit_card,fp_card_a8fb45bb6bf5d724,371449,3211,AMEX,PNC Bank,US,False,2026-07-25T20:05:53+00:00
INST_000700,ACC_000458,credit_card,fp_card_66db3f68fb9cfff7,371449,5621,AMEX,Bank of America,US,False,2026-08-06T04:05:04+00:00
INST_000701,ACC_000459,debit_card,fp_card_a47689c91aa4d4c7,340000,3535,AMEX,JPMorgan Chase,US,False,2026-07-25T01:48:33+00:00
INST_000702,ACC_000460,credit_card,fp_card_1d062f76042ffc27,378282,8351,AMEX,Capital One,US,False,2026-06-21T01:55:07+00:00
INST_000703,ACC_000460,credit_card,fp_card_29b6b80a729fcbd0,644000,4389,DISCOVER,Bank of America,US,False,2026-06-20T01:55:07+00:00
INST_000704,ACC_000461,bank_account,fp_card_0c24b8caf584ab81,340000,5172,AMEX,Bank of America,US,False,2026-07-04T06:49:54+00:00
INST_000705,ACC_000462,bank_account,fp_card_60811bbc1303a4f8,601100,8301,DISCOVER,JPMorgan Chase,US,False,2026-08-04T09:16:18+00:00
INST_000706,ACC_000462,bank_account,fp_card_9f283865e6d75e18,411111,5771,VISA,Citibank,US,False,2026-08-09T09:16:18+00:00
INST_000707,ACC_000463,credit_card,fp_card_5b3f0d2dc31c5c27,644000,7877,DISCOVER,U.S. Bank,US,False,2026-07-23T00:25:50+00:00
INST_000708,ACC_000464,bank_account,fp_card_a4b49aeb52380378,525500,1107,MASTERCARD,Citibank,US,False,2026-08-14T21:40:40+00:00
INST_000709,ACC_000465,bank_account,fp_card_c77b2452aa776df7,510510,2931,MASTERCARD,Truist,US,False,2026-06-25T21:05:02+00:00
INST_000710,ACC_000466,credit_card,fp_card_b6f9824a82907fb5,402400,1416,VISA,PNC Bank,US,False,2026-07-19T06:15:01+00:00
INST_000711,ACC_000467,credit_card,fp_card_5de1e4f34d5a2d86,650000,1679,DISCOVER,PNC Bank,US,False,2026-07-26T10:32:20+00:00
INST_000712,ACC_000467,debit_card,fp_card_3e6f1bc89f07392d,525500,3787,MASTERCARD,TD Bank,US,False,2026-07-23T10:32:20+00:00
INST_000713,ACC_000467,credit_card,fp_card_55013be45a82f516,378282,3718,AMEX,TD Bank,US,False,2026-07-22T10:32:20+00:00
INST_000714,ACC_000468,credit_card,fp_card_a111560aebf19e47,426684,6614,VISA,JPMorgan Chase,US,False,2026-06-30T09:51:42+00:00
INST_000715,ACC_000469,bank_account,fp_card_912eafc8a0a82b15,491622,6334,VISA,Wells Fargo,US,False,2026-06-26T18:44:46+00:00
INST_000716,ACC_000470,credit_card,fp_card_ea6eb1e5921afd49,510510,3763,MASTERCARD,Citibank,US,False,2026-08-22T23:55:03+00:00
INST_000717,ACC_000471,credit_card,fp_card_2dd805e00c70383b,371449,2497,AMEX,Capital One,US,False,2026-07-19T21:36:41+00:00
INST_000718,ACC_000472,credit_card,fp_card_9e410d3efc186351,644000,7308,DISCOVER,Citibank,US,False,2026-07-05T16:36:36+00:00
INST_000719,ACC_000472,credit_card,fp_card_2cd95e59b0144e8f,426684,1598,VISA,Citibank,US,False,2026-07-08T16:36:36+00:00
INST_000720,ACC_000473,credit_card,fp_card_0912872afcc9e580,453201,3668,VISA,JPMorgan Chase,US,False,2026-07-13T17:11:06+00:00
INST_000721,ACC_000474,credit_card,fp_card_4b24922d7e2950bc,453201,7175,VISA,Capital One,US,False,2026-06-29T11:38:16+00:00
INST_000722,ACC_000474,debit_card,fp_card_2dfc37ad743ba445,426684,9645,VISA,JPMorgan Chase,US,False,2026-07-01T11:38:16+00:00
INST_000723,ACC_000475,prepaid_card,fp_card_bdd0f6f67d14154f,542418,5597,MASTERCARD,MetaBank,US,True,2026-07-30T17:43:49+00:00
INST_000724,ACC_000475,debit_card,fp_card_2ecc0abb64622871,542418,6472,MASTERCARD,Truist,US,False,2026-07-30T17:43:49+00:00
INST_000725,ACC_000476,bank_account,fp_card_32a1447aa5da5d13,426684,6814,VISA,PNC Bank,US,False,2026-08-08T20:56:31+00:00
INST_000726,ACC_000476,credit_card,fp_card_d8270a4b343c42b7,650000,5561,DISCOVER,Citibank,US,False,2026-08-06T20:56:31+00:00
INST_000727,ACC_000477,debit_card,fp_card_1b4f159e623eb97f,525500,6252,MASTERCARD,Truist,US,False,2026-07-29T18:19:21+00:00
INST_000728,ACC_000477,bank_account,fp_card_99590d65858de4ff,644000,9117,DISCOVER,Wells Fargo,US,False,2026-07-27T18:19:21+00:00
INST_000729,ACC_000478,credit_card,fp_card_40fab7ba897d4605,411111,4344,VISA,Chime Neobank,US,False,2026-06-15T18:03:18+00:00
INST_000730,ACC_000478,debit_card,fp_card_34d73fd55461fc0e,601100,1543,DISCOVER,TD Bank,US,False,2026-06-14T18:03:18+00:00
INST_000731,ACC_000478,credit_card,fp_card_6fa901969f8ae7e0,650000,3617,DISCOVER,Wells Fargo,US,False,2026-06-15T18:03:18+00:00
INST_000732,ACC_000479,debit_card,fp_card_5f60d4a9d04d9b0a,542418,1110,MASTERCARD,Capital One,US,False,2026-06-15T06:54:11+00:00
INST_000733,ACC_000480,bank_account,fp_card_424ee7b86bb9be44,375987,5695,AMEX,JPMorgan Chase,US,False,2026-07-31T21:23:49+00:00
INST_000734,ACC_000480,debit_card,fp_card_14b13385811b9204,601100,8273,DISCOVER,TD Bank,US,False,2026-08-01T21:23:49+00:00
INST_000735,ACC_000481,credit_card,fp_card_52b35a30641146de,644000,6992,DISCOVER,Bank of America,US,False,2026-06-29T08:02:29+00:00
INST_000736,ACC_000481,bank_account,fp_card_b426bba70d2aa0c1,650000,1044,DISCOVER,JPMorgan Chase,US,False,2026-06-24T08:02:29+00:00
INST_000737,ACC_000482,prepaid_card,fp_card_20680973d6e8b8e2,491622,2518,VISA,MetaBank,US,True,2026-06-06T12:09:10+00:00
INST_000738,ACC_000483,debit_card,fp_card_7cb007f6e9c249b5,644000,1929,DISCOVER,Wells Fargo,US,False,2026-07-15T15:48:42+00:00
INST_000739,ACC_000484,prepaid_card,fp_card_dbb50ec985e7ba5c,510510,3345,MASTERCARD,Green Dot Bank,US,True,2026-06-08T00:25:32+00:00
INST_000740,ACC_000485,debit_card,fp_card_94f9a0a5a97402c6,542418,5636,MASTERCARD,PNC Bank,US,False,2026-06-30T19:58:46+00:00
INST_000741,ACC_000486,debit_card,fp_card_6314b47600f9fd31,375987,1884,AMEX,Truist,US,False,2026-07-03T19:17:38+00:00
INST_000742,ACC_000487,credit_card,fp_card_8d7a411c86ce072a,650000,2453,DISCOVER,Citibank,US,False,2026-06-19T09:56:10+00:00
INST_000743,ACC_000488,debit_card,fp_card_dbbe889da199f32c,535310,1148,MASTERCARD,Truist,US,False,2026-06-03T12:18:35+00:00
INST_000744,ACC_000488,credit_card,fp_card_4ca86998b22a1703,426684,5402,VISA,Wells Fargo,US,False,2026-06-01T12:18:35+00:00
INST_000745,ACC_000489,bank_account,fp_card_1d6238da33c7614d,601100,8257,DISCOVER,TD Bank,US,False,2026-08-13T20:41:17+00:00
INST_000746,ACC_000490,bank_account,fp_card_c1f38259fe600dfb,644000,9874,DISCOVER,Chime Neobank,US,False,2026-08-28T05:37:41+00:00
INST_000747,ACC_000491,debit_card,fp_card_60cc842cdc987a0f,525500,4163,MASTERCARD,TD Bank,US,False,2026-08-28T23:45:37+00:00
INST_000748,ACC_000492,credit_card,fp_card_56207a5159e1b752,510510,8287,MASTERCARD,PNC Bank,US,False,2026-08-16T02:01:07+00:00
INST_000749,ACC_000492,debit_card,fp_card_f94be79473029ec3,491622,3305,VISA,PNC Bank,US,False,2026-08-11T02:01:07+00:00
INST_000750,ACC_000493,debit_card,fp_card_e92e9cea5b7531ce,453201,7268,VISA,U.S. Bank,US,False,2026-07-13T08:11:39+00:00
INST_000751,ACC_000494,credit_card,fp_card_cdc47781b4cc3515,378282,4483,AMEX,Chime Neobank,US,False,2026-07-17T10:43:00+00:00
INST_000752,ACC_000494,credit_card,fp_card_6c0ef70a15aef9d3,491622,8792,VISA,Chime Neobank,US,False,2026-07-16T10:43:00+00:00
INST_000753,ACC_000495,debit_card,fp_card_0efc98b1c7211139,510510,6796,MASTERCARD,Chime Neobank,US,False,2026-08-04T05:07:46+00:00
INST_000754,ACC_000495,prepaid_card,fp_card_a65c69b2e2f41d1f,340000,1287,AMEX,MetaBank,US,True,2026-08-05T05:07:46+00:00
INST_000755,ACC_000496,credit_card,fp_card_b547282dc5dbe5c1,510510,7087,MASTERCARD,TD Bank,US,False,2026-08-12T01:24:23+00:00
INST_000756,ACC_000497,bank_account,fp_card_500b5e9defa112a1,453201,4442,VISA,Bank of America,US,False,2026-07-16T20:43:08+00:00
INST_000757,ACC_000497,credit_card,fp_card_f4a9898b37132015,375987,1951,AMEX,Capital One,US,False,2026-07-12T20:43:08+00:00
INST_000758,ACC_000497,credit_card,fp_card_e03df3de882ef185,601100,7635,DISCOVER,Citibank,US,False,2026-07-16T20:43:08+00:00
INST_000759,ACC_000498,debit_card,fp_card_fb58884de14b23ed,542418,9378,MASTERCARD,PNC Bank,US,False,2026-07-09T12:14:18+00:00
INST_000760,ACC_000499,prepaid_card,fp_card_ac17984412ccd6dc,402400,7563,VISA,Vanilla Prepaid,US,True,2026-07-07T04:40:25+00:00
INST_000761,ACC_000499,credit_card,fp_card_cac17620aae96f19,644000,2223,DISCOVER,Chime Neobank,US,False,2026-07-10T04:40:25+00:00
INST_000762,ACC_000499,debit_card,fp_card_0182b27446a649ba,644000,1875,DISCOVER,Wells Fargo,US,False,2026-07-08T04:40:25+00:00
INST_000763,ACC_000500,credit_card,fp_card_f95c7cae4325eb5a,340000,3681,AMEX,Citibank,US,False,2026-08-07T11:43:18+00:00
INST_000764,ACC_000501,debit_card,fp_card_562a99956d0efa71,402400,5912,VISA,Truist,US,False,2026-08-12T10:00:40+00:00
INST_000765,ACC_000502,credit_card,fp_card_f2ab5733bdffac35,644000,4616,DISCOVER,Truist,US,False,2026-06-25T20:25:46+00:00
INST_000766,ACC_000502,credit_card,fp_card_7dd850b402231618,411111,8771,VISA,Chime Neobank,US,False,2026-06-27T20:25:46+00:00
INST_000767,ACC_000503,credit_card,fp_card_f109f8dcdbd0beba,411111,4544,VISA,TD Bank,US,False,2026-08-04T21:56:21+00:00
INST_000768,ACC_000504,debit_card,fp_card_f03bd46c2d680625,471600,9780,VISA,Citibank,US,False,2026-05-31T20:32:18+00:00
INST_000769,ACC_000504,credit_card,fp_card_bb6bbcf800c8b983,426684,2508,VISA,Capital One,US,False,2026-06-01T20:32:18+00:00
INST_000770,ACC_000505,debit_card,fp_card_df85b6ad4a525464,378282,5195,AMEX,Chime Neobank,US,False,2026-07-02T00:55:34+00:00
INST_000771,ACC_000506,debit_card,fp_card_b1450f0dbf04261f,535310,7206,MASTERCARD,Bank of America,US,False,2026-08-04T02:17:44+00:00
INST_000772,ACC_000507,credit_card,fp_card_0d28e0eb54e2785a,371449,7285,AMEX,PNC Bank,US,False,2026-07-11T22:54:08+00:00
INST_000773,ACC_000508,credit_card,fp_card_6fddfdf763d314c0,375987,2340,AMEX,Truist,US,False,2026-07-09T02:03:41+00:00
INST_000774,ACC_000508,bank_account,fp_card_ff7030e06b53909f,601100,9962,DISCOVER,U.S. Bank,US,False,2026-07-14T02:03:41+00:00
INST_000775,ACC_000508,credit_card,fp_card_94701cd96d1ad5aa,375987,9987,AMEX,PNC Bank,US,False,2026-07-14T02:03:41+00:00
INST_000776,ACC_000509,credit_card,fp_card_98d4175428eddd7d,375987,4218,AMEX,Capital One,US,False,2026-05-30T21:28:35+00:00
INST_000777,ACC_000510,debit_card,fp_card_589ca67a316ac061,453201,2760,VISA,Chime Neobank,US,False,2026-06-27T20:42:57+00:00
INST_000778,ACC_000511,credit_card,fp_card_d357297d6df3e74c,471600,2185,VISA,Chime Neobank,US,False,2026-06-11T13:29:33+00:00
INST_000779,ACC_000512,debit_card,fp_card_45a12d4ffa98ac0c,535310,2446,MASTERCARD,Bank of America,US,False,2026-08-06T15:31:20+00:00
INST_000780,ACC_000513,prepaid_card,fp_card_f573b1d7297dcd4d,644000,6109,DISCOVER,Green Dot Bank,US,True,2026-06-23T13:20:30+00:00
INST_000781,ACC_000514,credit_card,fp_card_60472ea8f02d7724,525500,4757,MASTERCARD,Wells Fargo,US,False,2026-07-27T01:46:32+00:00
INST_000782,ACC_000515,debit_card,fp_card_d0fb747cfcd8350c,402400,9854,VISA,Bank of America,US,False,2026-08-19T15:53:07+00:00
INST_000783,ACC_000516,debit_card,fp_card_34a26b2ab3f9c505,340000,3510,AMEX,TD Bank,US,False,2026-08-01T00:17:26+00:00
INST_000784,ACC_000517,credit_card,fp_card_3aa2a368237fcec1,371449,4483,AMEX,JPMorgan Chase,US,False,2026-07-30T00:05:22+00:00
INST_000785,ACC_000517,debit_card,fp_card_44023395f9700fba,453201,3064,VISA,U.S. Bank,US,False,2026-07-31T00:05:22+00:00
INST_000786,ACC_000518,credit_card,fp_card_17b6af239d2a1361,650000,9873,DISCOVER,Wells Fargo,US,False,2026-06-13T01:48:27+00:00
INST_000787,ACC_000518,bank_account,fp_card_9c072be1bd189a3d,535310,3885,MASTERCARD,PNC Bank,US,False,2026-06-15T01:48:27+00:00
INST_000788,ACC_000519,debit_card,fp_card_40ebb979e789fe28,601100,9423,DISCOVER,U.S. Bank,US,False,2026-06-10T03:27:50+00:00
INST_000789,ACC_000519,bank_account,fp_card_b22bfe3c3531f159,471600,8364,VISA,Chime Neobank,US,False,2026-06-07T03:27:50+00:00
INST_000790,ACC_000520,bank_account,fp_card_59ede4e8297fcbb8,402400,1434,VISA,Wells Fargo,US,False,2026-08-09T09:29:10+00:00
INST_000791,ACC_000521,credit_card,fp_card_d68d0cd4d2ab6d85,402400,3346,VISA,U.S. Bank,US,False,2026-06-06T14:16:11+00:00
INST_000792,ACC_000522,credit_card,fp_card_d10ab80af7b4ecee,375987,3617,AMEX,Chime Neobank,US,False,2026-06-29T15:37:53+00:00
INST_000793,ACC_000522,credit_card,fp_card_6b7723db8651decb,411111,6027,VISA,Wells Fargo,US,False,2026-06-28T15:37:53+00:00
INST_000794,ACC_000522,credit_card,fp_card_625469024969bd17,535310,7861,MASTERCARD,TD Bank,US,False,2026-06-29T15:37:53+00:00
INST_000795,ACC_000523,credit_card,fp_card_2688c1ed24c60f3a,510510,5419,MASTERCARD,PNC Bank,US,False,2026-06-24T06:26:59+00:00
INST_000796,ACC_000523,debit_card,fp_card_9407033e5ac01aa1,601100,7478,DISCOVER,Citibank,US,False,2026-06-24T06:26:59+00:00
INST_000797,ACC_000524,credit_card,fp_card_30bf8c2f8eb41e47,411111,2774,VISA,Capital One,US,False,2026-07-01T16:17:17+00:00
INST_000798,ACC_000524,credit_card,fp_card_0ffd2a81f5feb926,378282,9861,AMEX,Citibank,US,False,2026-06-29T16:17:17+00:00
INST_000799,ACC_000524,bank_account,fp_card_560ac7f3df2c6466,426684,5182,VISA,JPMorgan Chase,US,False,2026-07-01T16:17:17+00:00
INST_000800,ACC_000525,credit_card,fp_card_1a6d1b9dd5af33a5,650000,9476,DISCOVER,Bank of America,US,False,2026-06-07T02:41:11+00:00
INST_000801,ACC_000526,credit_card,fp_card_ba4752aa2ebae3fa,650000,9979,DISCOVER,Citibank,US,False,2026-06-17T08:02:15+00:00
INST_000802,ACC_000527,debit_card,fp_card_9d0c55c15a98394e,542418,3101,MASTERCARD,Truist,US,False,2026-07-15T20:08:29+00:00
INST_000803,ACC_000528,credit_card,fp_card_175d3522f36fc578,426684,4995,VISA,JPMorgan Chase,US,False,2026-08-18T12:20:20+00:00
INST_000804,ACC_000528,debit_card,fp_card_a80d95172a2486a9,375987,4985,AMEX,Bank of America,US,False,2026-08-20T12:20:20+00:00
INST_000805,ACC_000529,debit_card,fp_card_b1c5954b8157e039,411111,1563,VISA,Wells Fargo,US,False,2026-07-06T22:12:07+00:00
INST_000806,ACC_000529,credit_card,fp_card_c0978f7a3f0d2a31,411111,5983,VISA,PNC Bank,US,False,2026-07-07T22:12:07+00:00
INST_000807,ACC_000530,credit_card,fp_card_0a975527ba019306,510510,5300,MASTERCARD,Truist,US,False,2026-06-04T20:16:32+00:00
INST_000808,ACC_000531,credit_card,fp_card_ec78ba19a75f9ca9,650000,4322,DISCOVER,Chime Neobank,US,False,2026-08-17T04:08:28+00:00
INST_000809,ACC_000531,debit_card,fp_card_16a2ed996fc09d6b,491622,3044,VISA,Wells Fargo,US,False,2026-08-14T04:08:28+00:00
INST_000810,ACC_000532,credit_card,fp_card_ff795874174a33e8,542418,9772,MASTERCARD,U.S. Bank,US,False,2026-07-12T01:16:05+00:00
INST_000811,ACC_000533,credit_card,fp_card_aa4d819680866d42,535310,8327,MASTERCARD,Truist,US,False,2026-08-06T10:37:06+00:00
INST_000812,ACC_000534,credit_card,fp_card_e301749c70dfafad,375987,9127,AMEX,PNC Bank,US,False,2026-08-21T15:37:23+00:00
INST_000813,ACC_000535,credit_card,fp_card_ce32e78325701bf4,644000,4578,DISCOVER,Capital One,US,False,2026-06-21T10:55:49+00:00
INST_000814,ACC_000535,credit_card,fp_card_e02233f00d59b5e1,644000,6524,DISCOVER,JPMorgan Chase,US,False,2026-06-25T10:55:49+00:00
INST_000815,ACC_000535,credit_card,fp_card_9b4e5bf5177bea74,340000,1976,AMEX,JPMorgan Chase,US,False,2026-06-25T10:55:49+00:00
INST_000816,ACC_000536,debit_card,fp_card_99b450a618229754,525500,9052,MASTERCARD,U.S. Bank,US,False,2026-08-02T06:02:50+00:00
INST_000817,ACC_000537,debit_card,fp_card_ac67092b2f3c7319,644000,1512,DISCOVER,PNC Bank,US,False,2026-08-12T23:00:12+00:00
INST_000818,ACC_000538,debit_card,fp_card_fd70b0634c18450d,525500,7861,MASTERCARD,Bank of America,US,False,2026-06-27T20:24:11+00:00
INST_000819,ACC_000539,debit_card,fp_card_b1cc0718ae7983fb,525500,2604,MASTERCARD,Citibank,US,False,2026-07-15T21:49:07+00:00
INST_000820,ACC_000540,debit_card,fp_card_05fc5b29a748451e,525500,7946,MASTERCARD,Bank of America,US,False,2026-08-16T09:48:00+00:00
INST_000821,ACC_000541,credit_card,fp_card_3cfe3c2aee57b12c,411111,1379,VISA,Bank of America,US,False,2026-06-08T20:17:11+00:00
INST_000822,ACC_000542,debit_card,fp_card_beb98a93b6a3d3de,525500,4562,MASTERCARD,Capital One,US,False,2026-08-13T21:03:10+00:00
INST_000823,ACC_000543,credit_card,fp_card_f3943f3a53fa2e46,453201,7561,VISA,Truist,US,False,2026-07-10T02:45:14+00:00
INST_000824,ACC_000544,bank_account,fp_card_81599213e0f6960a,453201,9690,VISA,Wells Fargo,US,False,2026-08-26T15:38:12+00:00
INST_000825,ACC_000545,bank_account,fp_card_2423b30329365148,402400,8894,VISA,Citibank,US,False,2026-07-20T17:40:36+00:00
INST_000826,ACC_000545,debit_card,fp_card_06757a664e94ea0f,542418,6603,MASTERCARD,Capital One,US,False,2026-07-16T17:40:36+00:00
INST_000827,ACC_000545,credit_card,fp_card_5387a096badb035f,542418,2093,MASTERCARD,Capital One,US,False,2026-07-19T17:40:36+00:00
INST_000828,ACC_000546,bank_account,fp_card_f95b0ec45597eb83,453201,3229,VISA,Citibank,US,False,2026-08-09T17:13:08+00:00
INST_000829,ACC_000547,bank_account,fp_card_727401f77089f0d7,601100,2156,DISCOVER,Citibank,US,False,2026-06-19T04:36:18+00:00
INST_000830,ACC_000548,credit_card,fp_card_1c29366bf09b7830,650000,5168,DISCOVER,TD Bank,US,False,2026-08-15T19:13:47+00:00
INST_000831,ACC_000549,debit_card,fp_card_593441e6d1006ea7,644000,8104,DISCOVER,Chime Neobank,US,False,2026-06-24T01:19:02+00:00
INST_000832,ACC_000549,debit_card,fp_card_d3413fb3cbd6b3eb,375987,1268,AMEX,Bank of America,US,False,2026-06-23T01:19:02+00:00
INST_000833,ACC_000550,debit_card,fp_card_abc8b396d290e297,542418,8302,MASTERCARD,JPMorgan Chase,US,False,2026-08-20T07:08:06+00:00
INST_000834,ACC_000551,bank_account,fp_card_9b6e1c73beb617bc,650000,6738,DISCOVER,Truist,US,False,2026-07-11T03:20:30+00:00
INST_000835,ACC_000552,debit_card,fp_card_171788156d695163,650000,5341,DISCOVER,U.S. Bank,US,False,2026-07-16T20:25:18+00:00
INST_000836,ACC_000552,debit_card,fp_card_6f778d3de4fb03a7,371449,5673,AMEX,U.S. Bank,US,False,2026-07-17T20:25:18+00:00
INST_000837,ACC_000553,debit_card,fp_card_3ae1fb6b3cd50bae,411111,5263,VISA,Chime Neobank,US,False,2026-08-07T07:26:43+00:00
INST_000838,ACC_000554,debit_card,fp_card_3ba011b407d8ac0b,644000,7743,DISCOVER,PNC Bank,US,False,2026-07-10T12:14:44+00:00
INST_000839,ACC_000555,credit_card,fp_card_4f1a0df2ea24f69c,371449,5278,AMEX,Capital One,US,False,2026-07-24T10:42:36+00:00
INST_000840,ACC_000556,debit_card,fp_card_8842bfc6bb5f507a,535310,9638,MASTERCARD,U.S. Bank,US,False,2026-06-30T20:45:03+00:00
INST_000841,ACC_000557,credit_card,fp_card_2b90d2a6075a4617,510510,2664,MASTERCARD,TD Bank,US,False,2026-06-27T13:39:06+00:00
INST_000842,ACC_000558,credit_card,fp_card_69ee6cc38d7daa9c,542418,9135,MASTERCARD,Bank of America,US,False,2026-08-09T04:51:31+00:00
INST_000843,ACC_000559,credit_card,fp_card_d74cf283d66928cf,510510,6426,MASTERCARD,TD Bank,US,False,2026-07-16T11:34:23+00:00
INST_000844,ACC_000560,credit_card,fp_card_6bb57c6df41d4e60,471600,4170,VISA,JPMorgan Chase,US,False,2026-08-23T22:43:11+00:00
INST_000845,ACC_000560,bank_account,fp_card_dc47d3c1ba5fe870,375987,2304,AMEX,Chime Neobank,US,False,2026-08-26T22:43:11+00:00
INST_000846,ACC_000561,credit_card,fp_card_4768b1df91b44698,535310,3732,MASTERCARD,TD Bank,US,False,2026-08-14T06:01:26+00:00
INST_000847,ACC_000561,debit_card,fp_card_49270ab25d8cc6b4,535310,1026,MASTERCARD,Bank of America,US,False,2026-08-10T06:01:26+00:00
INST_000848,ACC_000562,credit_card,fp_card_7d8b3d06913e4ee3,650000,2425,DISCOVER,Bank of America,US,False,2026-06-23T23:35:09+00:00
INST_000849,ACC_000563,debit_card,fp_card_716cf9b45f7f5782,644000,3543,DISCOVER,Capital One,US,False,2026-08-12T15:50:23+00:00
INST_000850,ACC_000564,bank_account,fp_card_6f982dea6888beb5,375987,3257,AMEX,JPMorgan Chase,US,False,2026-08-14T00:20:06+00:00
INST_000851,ACC_000565,debit_card,fp_card_1ff584f793f1d122,453201,8917,VISA,Bank of America,US,False,2026-07-31T18:26:54+00:00
INST_000852,ACC_000565,credit_card,fp_card_68bac104de743e8a,340000,2572,AMEX,Chime Neobank,US,False,2026-08-05T18:26:54+00:00
INST_000853,ACC_000566,bank_account,fp_card_39927f72bc7e66db,542418,2844,MASTERCARD,U.S. Bank,US,False,2026-07-07T03:36:08+00:00
INST_000854,ACC_000567,debit_card,fp_card_6b81097f4cdeaa3d,644000,5938,DISCOVER,U.S. Bank,US,False,2026-07-31T15:42:47+00:00
INST_000855,ACC_000567,bank_account,fp_card_b03efa4a3b68d1ab,650000,1725,DISCOVER,TD Bank,US,False,2026-07-29T15:42:47+00:00
INST_000856,ACC_000568,credit_card,fp_card_71101b39ecbfafc1,453201,6700,VISA,JPMorgan Chase,US,False,2026-07-02T12:21:49+00:00
INST_000857,ACC_000569,credit_card,fp_card_402cc29d4524cc6a,650000,4934,DISCOVER,U.S. Bank,US,False,2026-06-11T03:57:01+00:00
INST_000858,ACC_000570,credit_card,fp_card_9d9bf889a4d798c3,550000,4887,MASTERCARD,Truist,US,False,2026-07-15T19:12:08+00:00
INST_000859,ACC_000571,credit_card,fp_card_4e06ced121965891,510510,2220,MASTERCARD,TD Bank,US,False,2026-07-22T21:59:59+00:00
INST_000860,ACC_000572,debit_card,fp_card_f33f1e6369ffcc40,535310,1334,MASTERCARD,Capital One,US,False,2026-08-25T12:52:39+00:00
INST_000861,ACC_000573,credit_card,fp_card_2c2e76c2c6d70845,535310,5883,MASTERCARD,Chime Neobank,US,False,2026-07-26T23:25:39+00:00
INST_000862,ACC_000573,debit_card,fp_card_a71a6ea05d90d320,650000,8350,DISCOVER,U.S. Bank,US,False,2026-07-24T23:25:39+00:00
INST_000863,ACC_000573,bank_account,fp_card_80c5949609e05209,340000,5156,AMEX,Citibank,US,False,2026-07-27T23:25:39+00:00
INST_000864,ACC_000574,credit_card,fp_card_9e56cb866ee86162,650000,8495,DISCOVER,PNC Bank,US,False,2026-06-12T13:13:28+00:00
INST_000865,ACC_000575,credit_card,fp_card_183507df80414dba,491622,5972,VISA,Truist,US,False,2026-08-13T03:56:15+00:00
INST_000866,ACC_000575,debit_card,fp_card_76f1161e5c77ab85,491622,2519,VISA,PNC Bank,US,False,2026-08-12T03:56:15+00:00
INST_000867,ACC_000576,debit_card,fp_card_fc70fbd216457306,491622,9314,VISA,PNC Bank,US,False,2026-06-18T01:11:40+00:00
INST_000868,ACC_000576,debit_card,fp_card_5c773011a61c3919,601100,8108,DISCOVER,Chime Neobank,US,False,2026-06-16T01:11:40+00:00
INST_000869,ACC_000577,debit_card,fp_card_3c725c97d6ae17da,644000,3751,DISCOVER,Wells Fargo,US,False,2026-08-23T21:00:53+00:00
INST_000870,ACC_000578,credit_card,fp_card_96910743ba69707e,426684,3731,VISA,Capital One,US,False,2026-08-11T23:00:30+00:00
INST_000871,ACC_000579,debit_card,fp_card_3d611c0c7db3fe83,371449,6074,AMEX,PNC Bank,US,False,2026-07-26T23:08:56+00:00
INST_000872,ACC_000580,debit_card,fp_card_e96d6c0da9d180cf,650000,5518,DISCOVER,JPMorgan Chase,US,False,2026-07-24T22:35:13+00:00
INST_000873,ACC_000581,debit_card,fp_card_75e306736218cffa,542418,2206,MASTERCARD,JPMorgan Chase,US,False,2026-07-18T01:28:30+00:00
INST_000874,ACC_000581,credit_card,fp_card_e3380900eba410ea,535310,6780,MASTERCARD,Citibank,US,False,2026-07-22T01:28:30+00:00
INST_000875,ACC_000581,debit_card,fp_card_70ff517639150e76,601100,5401,DISCOVER,Citibank,US,False,2026-07-22T01:28:30+00:00
INST_000876,ACC_000582,debit_card,fp_card_a4929b98f2235506,650000,3815,DISCOVER,Capital One,US,False,2026-06-27T13:57:42+00:00
INST_000877,ACC_000582,credit_card,fp_card_6fb1a6973ee2fa9b,371449,6613,AMEX,Chime Neobank,US,False,2026-06-27T13:57:42+00:00
INST_000878,ACC_000583,debit_card,fp_card_f68243b2ebe1e78e,378282,2642,AMEX,Wells Fargo,US,False,2026-07-13T20:55:27+00:00
INST_000879,ACC_000584,credit_card,fp_card_0e767eac9b268164,402400,3722,VISA,Wells Fargo,US,False,2026-07-25T19:16:16+00:00
INST_000880,ACC_000584,debit_card,fp_card_d91c73685cabf330,550000,6315,MASTERCARD,Citibank,US,False,2026-07-24T19:16:16+00:00
INST_000881,ACC_000584,credit_card,fp_card_cddc207041db3e00,491622,1621,VISA,JPMorgan Chase,US,False,2026-07-25T19:16:16+00:00
INST_000882,ACC_000585,credit_card,fp_card_c2bb854c91f3a659,650000,2662,DISCOVER,Wells Fargo,US,False,2026-06-22T02:18:15+00:00
INST_000883,ACC_000586,credit_card,fp_card_19a1ec5efcea3cde,453201,9468,VISA,Bank of America,US,False,2026-06-15T06:54:50+00:00
INST_000884,ACC_000586,debit_card,fp_card_c339e6d60b0da82e,378282,6722,AMEX,Citibank,US,False,2026-06-19T06:54:50+00:00
INST_000885,ACC_000587,debit_card,fp_card_34a1276f98ac0607,650000,2267,DISCOVER,Citibank,US,False,2026-06-03T13:48:28+00:00
INST_000886,ACC_000588,debit_card,fp_card_08e0932289566b9b,650000,3885,DISCOVER,JPMorgan Chase,US,False,2026-08-18T20:26:51+00:00
INST_000887,ACC_000589,credit_card,fp_card_3fc563ce0b544cbc,453201,7208,VISA,PNC Bank,US,False,2026-07-22T00:41:13+00:00
INST_000888,ACC_000590,credit_card,fp_card_94efa571611eb51f,650000,4964,DISCOVER,Citibank,US,False,2026-07-15T02:42:02+00:00
INST_000889,ACC_000590,credit_card,fp_card_547cf5e3ed667c2c,601100,3635,DISCOVER,Bank of America,US,False,2026-07-15T02:42:02+00:00
INST_000890,ACC_000591,credit_card,fp_card_7ee8b91630b05c08,525500,5092,MASTERCARD,Citibank,US,False,2026-07-19T05:00:38+00:00
INST_000891,ACC_000592,debit_card,fp_card_37f6c5634ad9391d,601100,6347,DISCOVER,PNC Bank,US,False,2026-08-17T06:33:14+00:00
INST_000892,ACC_000593,credit_card,fp_card_bba34345fdf16873,378282,4244,AMEX,TD Bank,US,False,2026-08-02T08:43:57+00:00
INST_000893,ACC_000593,credit_card,fp_card_5edd69e766c7f218,426684,1159,VISA,U.S. Bank,US,False,2026-08-06T08:43:57+00:00
INST_000894,ACC_000593,bank_account,fp_card_8aa797d46e10ecd7,525500,6158,MASTERCARD,Truist,US,False,2026-08-07T08:43:57+00:00
INST_000895,ACC_000594,credit_card,fp_card_e4e4a632dca7ba7c,402400,3749,VISA,Truist,US,False,2026-06-02T20:38:41+00:00
INST_000896,ACC_000595,debit_card,fp_card_19868d5cee2feecb,371449,4309,AMEX,JPMorgan Chase,US,False,2026-08-03T13:45:03+00:00
INST_000897,ACC_000595,credit_card,fp_card_2be12acd90f79795,411111,8247,VISA,PNC Bank,US,False,2026-08-01T13:45:03+00:00
INST_000898,ACC_000596,debit_card,fp_card_64d382021d6dc6bc,542418,5308,MASTERCARD,PNC Bank,US,False,2026-07-27T19:03:55+00:00
INST_000899,ACC_000596,credit_card,fp_card_6b97f440ea9ce433,601100,2665,DISCOVER,U.S. Bank,US,False,2026-07-27T19:03:55+00:00
INST_000900,ACC_000597,bank_account,fp_card_bd0bbb8066483701,402400,2437,VISA,JPMorgan Chase,US,False,2026-08-18T07:54:10+00:00
INST_000901,ACC_000597,credit_card,fp_card_96be6b762023c108,525500,9697,MASTERCARD,PNC Bank,US,False,2026-08-18T07:54:10+00:00
INST_000902,ACC_000598,bank_account,fp_card_a980d2ada04c13d9,453201,8576,VISA,JPMorgan Chase,US,False,2026-06-25T04:25:47+00:00
INST_000903,ACC_000599,bank_account,fp_card_516fd51948063e4b,371449,4617,AMEX,Capital One,US,False,2026-06-24T11:27:58+00:00
INST_000904,ACC_000599,credit_card,fp_card_994d3fc6792f8682,426684,9186,VISA,U.S. Bank,US,False,2026-06-29T11:27:58+00:00
INST_000905,ACC_000600,bank_account,fp_card_5670ca859e61cabc,535310,7974,MASTERCARD,U.S. Bank,US,False,2026-07-03T02:50:11+00:00
